0,HF,HF,HF,1,1,0.1,0.0
1,HF,HF,HF,1,1,0.1,0.05
2,HF,HF,HF,1,1,0.1,0.1
3,HF,HF,HF,1,1,0.1,0.15
4,HF,HF,HF,1,1,0.1,0.2
5,HF,HF,HF,1,1,0.1,0.25
6,HF,HF,HF,1,1,0.1,0.3
7,HF,HF,HF,1,1,0.1,0.35
8,HF,HF,HF,1,1,0.1,0.4
9,HF,HF,HF,1,1,0.1,0.45
10,HF,HF,HF,1,1,0.1,0.5
11,HF,HF,HF,1,1,0.25,0.0
12,HF,HF,HF,1,1,0.25,0.05
13,HF,HF,HF,1,1,0.25,0.1
14,HF,HF,HF,1,1,0.25,0.15
15,HF,HF,HF,1,1,0.25,0.2
16,HF,HF,HF,1,1,0.25,0.25
17,HF,HF,HF,1,1,0.25,0.3
18,HF,HF,HF,1,1,0.25,0.35
19,HF,HF,HF,1,1,0.25,0.4
20,HF,HF,HF,1,1,0.25,0.45
21,HF,HF,HF,1,1,0.25,0.5
22,HF,HF,HF,1,1,0.5,0.0
23,HF,HF,HF,1,1,0.5,0.05
24,HF,HF,HF,1,1,0.5,0.1
25,HF,HF,HF,1,1,0.5,0.15
26,HF,HF,HF,1,1,0.5,0.2
27,HF,HF,HF,1,1,0.5,0.25
28,HF,HF,HF,1,1,0.5,0.3
29,HF,HF,HF,1,1,0.5,0.35
30,HF,HF,HF,1,1,0.5,0.4
31,HF,HF,HF,1,1,0.5,0.45
32,HF,HF,HF,1,1,0.5,0.5
33,HF,HF,HF,4,1,0.1,0.0
34,HF,HF,HF,4,1,0.1,0.05
35,HF,HF,HF,4,1,0.1,0.1
36,HF,HF,HF,4,1,0.1,0.15
37,HF,HF,HF,4,1,0.1,0.2
38,HF,HF,HF,4,1,0.1,0.25
39,HF,HF,HF,4,1,0.1,0.3
40,HF,HF,HF,4,1,0.1,0.35
41,HF,HF,HF,4,1,0.1,0.4
42,HF,HF,HF,4,1,0.1,0.45
43,HF,HF,HF,4,1,0.1,0.5
44,HF,HF,HF,4,1,0.25,0.0
45,HF,HF,HF,4,1,0.25,0.05
46,HF,HF,HF,4,1,0.25,0.1
47,HF,HF,HF,4,1,0.25,0.15
48,HF,HF,HF,4,1,0.25,0.2
49,HF,HF,HF,4,1,0.25,0.25
50,HF,HF,HF,4,1,0.25,0.3
51,HF,HF,HF,4,1,0.25,0.35
52,HF,HF,HF,4,1,0.25,0.4
53,HF,HF,HF,4,1,0.25,0.45
54,HF,HF,HF,4,1,0.25,0.5
55,HF,HF,HF,4,1,0.5,0.0
56,HF,HF,HF,4,1,0.5,0.05
57,HF,HF,HF,4,1,0.5,0.1
58,HF,HF,HF,4,1,0.5,0.15
59,HF,HF,HF,4,1,0.5,0.2
60,HF,HF,HF,4,1,0.5,0.25
61,HF,HF,HF,4,1,0.5,0.3
62,HF,HF,HF,4,1,0.5,0.35
63,HF,HF,HF,4,1,0.5,0.4
64,HF,HF,HF,4,1,0.5,0.45
65,HF,HF,HF,4,1,0.5,0.5
66,HF,HF,HF,7,1,0.1,0.0
67,HF,HF,HF,7,1,0.1,0.05
68,HF,HF,HF,7,1,0.1,0.1
69,HF,HF,HF,7,1,0.1,0.15
70,HF,HF,HF,7,1,0.1,0.2
71,HF,HF,HF,7,1,0.1,0.25
72,HF,HF,HF,7,1,0.1,0.3
73,HF,HF,HF,7,1,0.1,0.35
74,HF,HF,HF,7,1,0.1,0.4
75,HF,HF,HF,7,1,0.1,0.45
76,HF,HF,HF,7,1,0.1,0.5
77,HF,HF,HF,7,1,0.25,0.0
78,HF,HF,HF,7,1,0.25,0.05
79,HF,HF,HF,7,1,0.25,0.1
80,HF,HF,HF,7,1,0.25,0.15
81,HF,HF,HF,7,1,0.25,0.2
82,HF,HF,HF,7,1,0.25,0.25
83,HF,HF,HF,7,1,0.25,0.3
84,HF,HF,HF,7,1,0.25,0.35
85,HF,HF,HF,7,1,0.25,0.4
86,HF,HF,HF,7,1,0.25,0.45
87,HF,HF,HF,7,1,0.25,0.5
88,HF,HF,HF,7,1,0.5,0.0
89,HF,HF,HF,7,1,0.5,0.05
90,HF,HF,HF,7,1,0.5,0.1
91,HF,HF,HF,7,1,0.5,0.15
92,HF,HF,HF,7,1,0.5,0.2
93,HF,HF,HF,7,1,0.5,0.25
94,HF,HF,HF,7,1,0.5,0.3
95,HF,HF,HF,7,1,0.5,0.35
96,HF,HF,HF,7,1,0.5,0.4
97,HF,HF,HF,7,1,0.5,0.45
98,HF,HF,HF,7,1,0.5,0.5
99,HF,HF,HF,10,1,0.1,0.0
100,HF,HF,HF,10,1,0.1,0.05
101,HF,HF,HF,10,1,0.1,0.1
102,HF,HF,HF,10,1,0.1,0.15
103,HF,HF,HF,10,1,0.1,0.2
104,HF,HF,HF,10,1,0.1,0.25
105,HF,HF,HF,10,1,0.1,0.3
106,HF,HF,HF,10,1,0.1,0.35
107,HF,HF,HF,10,1,0.1,0.4
108,HF,HF,HF,10,1,0.1,0.45
109,HF,HF,HF,10,1,0.1,0.5
110,HF,HF,HF,10,1,0.25,0.0
111,HF,HF,HF,10,1,0.25,0.05
112,HF,HF,HF,10,1,0.25,0.1
113,HF,HF,HF,10,1,0.25,0.15
114,HF,HF,HF,10,1,0.25,0.2
115,HF,HF,HF,10,1,0.25,0.25
116,HF,HF,HF,10,1,0.25,0.3
117,HF,HF,HF,10,1,0.25,0.35
118,HF,HF,HF,10,1,0.25,0.4
119,HF,HF,HF,10,1,0.25,0.45
120,HF,HF,HF,10,1,0.25,0.5
121,HF,HF,HF,10,1,0.5,0.0
122,HF,HF,HF,10,1,0.5,0.05
123,HF,HF,HF,10,1,0.5,0.1
124,HF,HF,HF,10,1,0.5,0.15
125,HF,HF,HF,10,1,0.5,0.2
126,HF,HF,HF,10,1,0.5,0.25
127,HF,HF,HF,10,1,0.5,0.3
128,HF,HF,HF,10,1,0.5,0.35
129,HF,HF,HF,10,1,0.5,0.4
130,HF,HF,HF,10,1,0.5,0.45
131,HF,HF,HF,10,1,0.5,0.5
132,HF,HF,HF,13,1,0.1,0.0
133,HF,HF,HF,13,1,0.1,0.05
134,HF,HF,HF,13,1,0.1,0.1
135,HF,HF,HF,13,1,0.1,0.15
136,HF,HF,HF,13,1,0.1,0.2
137,HF,HF,HF,13,1,0.1,0.25
138,HF,HF,HF,13,1,0.1,0.3
139,HF,HF,HF,13,1,0.1,0.35
140,HF,HF,HF,13,1,0.1,0.4
141,HF,HF,HF,13,1,0.1,0.45
142,HF,HF,HF,13,1,0.1,0.5
143,HF,HF,HF,13,1,0.25,0.0
144,HF,HF,HF,13,1,0.25,0.05
145,HF,HF,HF,13,1,0.25,0.1
146,HF,HF,HF,13,1,0.25,0.15
147,HF,HF,HF,13,1,0.25,0.2
148,HF,HF,HF,13,1,0.25,0.25
149,HF,HF,HF,13,1,0.25,0.3
150,HF,HF,HF,13,1,0.25,0.35
151,HF,HF,HF,13,1,0.25,0.4
152,HF,HF,HF,13,1,0.25,0.45
153,HF,HF,HF,13,1,0.25,0.5
154,HF,HF,HF,13,1,0.5,0.0
155,HF,HF,HF,13,1,0.5,0.05
156,HF,HF,HF,13,1,0.5,0.1
157,HF,HF,HF,13,1,0.5,0.15
158,HF,HF,HF,13,1,0.5,0.2
159,HF,HF,HF,13,1,0.5,0.25
160,HF,HF,HF,13,1,0.5,0.3
161,HF,HF,HF,13,1,0.5,0.35
162,HF,HF,HF,13,1,0.5,0.4
163,HF,HF,HF,13,1,0.5,0.45
164,HF,HF,HF,13,1,0.5,0.5
165,HF,HF,HF,16,1,0.1,0.0
166,HF,HF,HF,16,1,0.1,0.05
167,HF,HF,HF,16,1,0.1,0.1
168,HF,HF,HF,16,1,0.1,0.15
169,HF,HF,HF,16,1,0.1,0.2
170,HF,HF,HF,16,1,0.1,0.25
171,HF,HF,HF,16,1,0.1,0.3
172,HF,HF,HF,16,1,0.1,0.35
173,HF,HF,HF,16,1,0.1,0.4
174,HF,HF,HF,16,1,0.1,0.45
175,HF,HF,HF,16,1,0.1,0.5
176,HF,HF,HF,16,1,0.25,0.0
177,HF,HF,HF,16,1,0.25,0.05
178,HF,HF,HF,16,1,0.25,0.1
179,HF,HF,HF,16,1,0.25,0.15
180,HF,HF,HF,16,1,0.25,0.2
181,HF,HF,HF,16,1,0.25,0.25
182,HF,HF,HF,16,1,0.25,0.3
183,HF,HF,HF,16,1,0.25,0.35
184,HF,HF,HF,16,1,0.25,0.4
185,HF,HF,HF,16,1,0.25,0.45
186,HF,HF,HF,16,1,0.25,0.5
187,HF,HF,HF,16,1,0.5,0.0
188,HF,HF,HF,16,1,0.5,0.05
189,HF,HF,HF,16,1,0.5,0.1
190,HF,HF,HF,16,1,0.5,0.15
191,HF,HF,HF,16,1,0.5,0.2
192,HF,HF,HF,16,1,0.5,0.25
193,HF,HF,HF,16,1,0.5,0.3
194,HF,HF,HF,16,1,0.5,0.35
195,HF,HF,HF,16,1,0.5,0.4
196,HF,HF,HF,16,1,0.5,0.45
197,HF,HF,HF,16,1,0.5,0.5
198,HF,HF,HF,19,1,0.1,0.0
199,HF,HF,HF,19,1,0.1,0.05
200,HF,HF,HF,19,1,0.1,0.1
201,HF,HF,HF,19,1,0.1,0.15
202,HF,HF,HF,19,1,0.1,0.2
203,HF,HF,HF,19,1,0.1,0.25
204,HF,HF,HF,19,1,0.1,0.3
205,HF,HF,HF,19,1,0.1,0.35
206,HF,HF,HF,19,1,0.1,0.4
207,HF,HF,HF,19,1,0.1,0.45
208,HF,HF,HF,19,1,0.1,0.5
209,HF,HF,HF,19,1,0.25,0.0
210,HF,HF,HF,19,1,0.25,0.05
211,HF,HF,HF,19,1,0.25,0.1
212,HF,HF,HF,19,1,0.25,0.15
213,HF,HF,HF,19,1,0.25,0.2
214,HF,HF,HF,19,1,0.25,0.25
215,HF,HF,HF,19,1,0.25,0.3
216,HF,HF,HF,19,1,0.25,0.35
217,HF,HF,HF,19,1,0.25,0.4
218,HF,HF,HF,19,1,0.25,0.45
219,HF,HF,HF,19,1,0.25,0.5
220,HF,HF,HF,19,1,0.5,0.0
221,HF,HF,HF,19,1,0.5,0.05
222,HF,HF,HF,19,1,0.5,0.1
223,HF,HF,HF,19,1,0.5,0.15
224,HF,HF,HF,19,1,0.5,0.2
225,HF,HF,HF,19,1,0.5,0.25
226,HF,HF,HF,19,1,0.5,0.3
227,HF,HF,HF,19,1,0.5,0.35
228,HF,HF,HF,19,1,0.5,0.4
229,HF,HF,HF,19,1,0.5,0.45
230,HF,HF,HF,19,1,0.5,0.5
231,HF,HF,HF,22,1,0.1,0.0
232,HF,HF,HF,22,1,0.1,0.05
233,HF,HF,HF,22,1,0.1,0.1
234,HF,HF,HF,22,1,0.1,0.15
235,HF,HF,HF,22,1,0.1,0.2
236,HF,HF,HF,22,1,0.1,0.25
237,HF,HF,HF,22,1,0.1,0.3
238,HF,HF,HF,22,1,0.1,0.35
239,HF,HF,HF,22,1,0.1,0.4
240,HF,HF,HF,22,1,0.1,0.45
241,HF,HF,HF,22,1,0.1,0.5
242,HF,HF,HF,22,1,0.25,0.0
243,HF,HF,HF,22,1,0.25,0.05
244,HF,HF,HF,22,1,0.25,0.1
245,HF,HF,HF,22,1,0.25,0.15
246,HF,HF,HF,22,1,0.25,0.2
247,HF,HF,HF,22,1,0.25,0.25
248,HF,HF,HF,22,1,0.25,0.3
249,HF,HF,HF,22,1,0.25,0.35
250,HF,HF,HF,22,1,0.25,0.4
251,HF,HF,HF,22,1,0.25,0.45
252,HF,HF,HF,22,1,0.25,0.5
253,HF,HF,HF,22,1,0.5,0.0
254,HF,HF,HF,22,1,0.5,0.05
255,HF,HF,HF,22,1,0.5,0.1
256,HF,HF,HF,22,1,0.5,0.15
257,HF,HF,HF,22,1,0.5,0.2
258,HF,HF,HF,22,1,0.5,0.25
259,HF,HF,HF,22,1,0.5,0.3
260,HF,HF,HF,22,1,0.5,0.35
261,HF,HF,HF,22,1,0.5,0.4
262,HF,HF,HF,22,1,0.5,0.45
263,HF,HF,HF,22,1,0.5,0.5
264,HF,HF,LF,1,1,0.1,0.0
265,HF,HF,LF,1,1,0.1,0.05
266,HF,HF,LF,1,1,0.1,0.1
267,HF,HF,LF,1,1,0.1,0.15
268,HF,HF,LF,1,1,0.1,0.2
269,HF,HF,LF,1,1,0.1,0.25
270,HF,HF,LF,1,1,0.1,0.3
271,HF,HF,LF,1,1,0.1,0.35
272,HF,HF,LF,1,1,0.1,0.4
273,HF,HF,LF,1,1,0.1,0.45
274,HF,HF,LF,1,1,0.1,0.5
275,HF,HF,LF,1,1,0.25,0.0
276,HF,HF,LF,1,1,0.25,0.05
277,HF,HF,LF,1,1,0.25,0.1
278,HF,HF,LF,1,1,0.25,0.15
279,HF,HF,LF,1,1,0.25,0.2
280,HF,HF,LF,1,1,0.25,0.25
281,HF,HF,LF,1,1,0.25,0.3
282,HF,HF,LF,1,1,0.25,0.35
283,HF,HF,LF,1,1,0.25,0.4
284,HF,HF,LF,1,1,0.25,0.45
285,HF,HF,LF,1,1,0.25,0.5
286,HF,HF,LF,1,1,0.5,0.0
287,HF,HF,LF,1,1,0.5,0.05
288,HF,HF,LF,1,1,0.5,0.1
289,HF,HF,LF,1,1,0.5,0.15
290,HF,HF,LF,1,1,0.5,0.2
291,HF,HF,LF,1,1,0.5,0.25
292,HF,HF,LF,1,1,0.5,0.3
293,HF,HF,LF,1,1,0.5,0.35
294,HF,HF,LF,1,1,0.5,0.4
295,HF,HF,LF,1,1,0.5,0.45
296,HF,HF,LF,1,1,0.5,0.5
297,HF,HF,LF,4,1,0.1,0.0
298,HF,HF,LF,4,1,0.1,0.05
299,HF,HF,LF,4,1,0.1,0.1
300,HF,HF,LF,4,1,0.1,0.15
301,HF,HF,LF,4,1,0.1,0.2
302,HF,HF,LF,4,1,0.1,0.25
303,HF,HF,LF,4,1,0.1,0.3
304,HF,HF,LF,4,1,0.1,0.35
305,HF,HF,LF,4,1,0.1,0.4
306,HF,HF,LF,4,1,0.1,0.45
307,HF,HF,LF,4,1,0.1,0.5
308,HF,HF,LF,4,1,0.25,0.0
309,HF,HF,LF,4,1,0.25,0.05
310,HF,HF,LF,4,1,0.25,0.1
311,HF,HF,LF,4,1,0.25,0.15
312,HF,HF,LF,4,1,0.25,0.2
313,HF,HF,LF,4,1,0.25,0.25
314,HF,HF,LF,4,1,0.25,0.3
315,HF,HF,LF,4,1,0.25,0.35
316,HF,HF,LF,4,1,0.25,0.4
317,HF,HF,LF,4,1,0.25,0.45
318,HF,HF,LF,4,1,0.25,0.5
319,HF,HF,LF,4,1,0.5,0.0
320,HF,HF,LF,4,1,0.5,0.05
321,HF,HF,LF,4,1,0.5,0.1
322,HF,HF,LF,4,1,0.5,0.15
323,HF,HF,LF,4,1,0.5,0.2
324,HF,HF,LF,4,1,0.5,0.25
325,HF,HF,LF,4,1,0.5,0.3
326,HF,HF,LF,4,1,0.5,0.35
327,HF,HF,LF,4,1,0.5,0.4
328,HF,HF,LF,4,1,0.5,0.45
329,HF,HF,LF,4,1,0.5,0.5
330,HF,HF,LF,7,1,0.1,0.0
331,HF,HF,LF,7,1,0.1,0.05
332,HF,HF,LF,7,1,0.1,0.1
333,HF,HF,LF,7,1,0.1,0.15
334,HF,HF,LF,7,1,0.1,0.2
335,HF,HF,LF,7,1,0.1,0.25
336,HF,HF,LF,7,1,0.1,0.3
337,HF,HF,LF,7,1,0.1,0.35
338,HF,HF,LF,7,1,0.1,0.4
339,HF,HF,LF,7,1,0.1,0.45
340,HF,HF,LF,7,1,0.1,0.5
341,HF,HF,LF,7,1,0.25,0.0
342,HF,HF,LF,7,1,0.25,0.05
343,HF,HF,LF,7,1,0.25,0.1
344,HF,HF,LF,7,1,0.25,0.15
345,HF,HF,LF,7,1,0.25,0.2
346,HF,HF,LF,7,1,0.25,0.25
347,HF,HF,LF,7,1,0.25,0.3
348,HF,HF,LF,7,1,0.25,0.35
349,HF,HF,LF,7,1,0.25,0.4
350,HF,HF,LF,7,1,0.25,0.45
351,HF,HF,LF,7,1,0.25,0.5
352,HF,HF,LF,7,1,0.5,0.0
353,HF,HF,LF,7,1,0.5,0.05
354,HF,HF,LF,7,1,0.5,0.1
355,HF,HF,LF,7,1,0.5,0.15
356,HF,HF,LF,7,1,0.5,0.2
357,HF,HF,LF,7,1,0.5,0.25
358,HF,HF,LF,7,1,0.5,0.3
359,HF,HF,LF,7,1,0.5,0.35
360,HF,HF,LF,7,1,0.5,0.4
361,HF,HF,LF,7,1,0.5,0.45
362,HF,HF,LF,7,1,0.5,0.5
363,HF,HF,LF,10,1,0.1,0.0
364,HF,HF,LF,10,1,0.1,0.05
365,HF,HF,LF,10,1,0.1,0.1
366,HF,HF,LF,10,1,0.1,0.15
367,HF,HF,LF,10,1,0.1,0.2
368,HF,HF,LF,10,1,0.1,0.25
369,HF,HF,LF,10,1,0.1,0.3
370,HF,HF,LF,10,1,0.1,0.35
371,HF,HF,LF,10,1,0.1,0.4
372,HF,HF,LF,10,1,0.1,0.45
373,HF,HF,LF,10,1,0.1,0.5
374,HF,HF,LF,10,1,0.25,0.0
375,HF,HF,LF,10,1,0.25,0.05
376,HF,HF,LF,10,1,0.25,0.1
377,HF,HF,LF,10,1,0.25,0.15
378,HF,HF,LF,10,1,0.25,0.2
379,HF,HF,LF,10,1,0.25,0.25
380,HF,HF,LF,10,1,0.25,0.3
381,HF,HF,LF,10,1,0.25,0.35
382,HF,HF,LF,10,1,0.25,0.4
383,HF,HF,LF,10,1,0.25,0.45
384,HF,HF,LF,10,1,0.25,0.5
385,HF,HF,LF,10,1,0.5,0.0
386,HF,HF,LF,10,1,0.5,0.05
387,HF,HF,LF,10,1,0.5,0.1
388,HF,HF,LF,10,1,0.5,0.15
389,HF,HF,LF,10,1,0.5,0.2
390,HF,HF,LF,10,1,0.5,0.25
391,HF,HF,LF,10,1,0.5,0.3
392,HF,HF,LF,10,1,0.5,0.35
393,HF,HF,LF,10,1,0.5,0.4
394,HF,HF,LF,10,1,0.5,0.45
395,HF,HF,LF,10,1,0.5,0.5
396,HF,HF,LF,13,1,0.1,0.0
397,HF,HF,LF,13,1,0.1,0.05
398,HF,HF,LF,13,1,0.1,0.1
399,HF,HF,LF,13,1,0.1,0.15
400,HF,HF,LF,13,1,0.1,0.2
401,HF,HF,LF,13,1,0.1,0.25
402,HF,HF,LF,13,1,0.1,0.3
403,HF,HF,LF,13,1,0.1,0.35
404,HF,HF,LF,13,1,0.1,0.4
405,HF,HF,LF,13,1,0.1,0.45
406,HF,HF,LF,13,1,0.1,0.5
407,HF,HF,LF,13,1,0.25,0.0
408,HF,HF,LF,13,1,0.25,0.05
409,HF,HF,LF,13,1,0.25,0.1
410,HF,HF,LF,13,1,0.25,0.15
411,HF,HF,LF,13,1,0.25,0.2
412,HF,HF,LF,13,1,0.25,0.25
413,HF,HF,LF,13,1,0.25,0.3
414,HF,HF,LF,13,1,0.25,0.35
415,HF,HF,LF,13,1,0.25,0.4
416,HF,HF,LF,13,1,0.25,0.45
417,HF,HF,LF,13,1,0.25,0.5
418,HF,HF,LF,13,1,0.5,0.0
419,HF,HF,LF,13,1,0.5,0.05
420,HF,HF,LF,13,1,0.5,0.1
421,HF,HF,LF,13,1,0.5,0.15
422,HF,HF,LF,13,1,0.5,0.2
423,HF,HF,LF,13,1,0.5,0.25
424,HF,HF,LF,13,1,0.5,0.3
425,HF,HF,LF,13,1,0.5,0.35
426,HF,HF,LF,13,1,0.5,0.4
427,HF,HF,LF,13,1,0.5,0.45
428,HF,HF,LF,13,1,0.5,0.5
429,HF,HF,LF,16,1,0.1,0.0
430,HF,HF,LF,16,1,0.1,0.05
431,HF,HF,LF,16,1,0.1,0.1
432,HF,HF,LF,16,1,0.1,0.15
433,HF,HF,LF,16,1,0.1,0.2
434,HF,HF,LF,16,1,0.1,0.25
435,HF,HF,LF,16,1,0.1,0.3
436,HF,HF,LF,16,1,0.1,0.35
437,HF,HF,LF,16,1,0.1,0.4
438,HF,HF,LF,16,1,0.1,0.45
439,HF,HF,LF,16,1,0.1,0.5
440,HF,HF,LF,16,1,0.25,0.0
441,HF,HF,LF,16,1,0.25,0.05
442,HF,HF,LF,16,1,0.25,0.1
443,HF,HF,LF,16,1,0.25,0.15
444,HF,HF,LF,16,1,0.25,0.2
445,HF,HF,LF,16,1,0.25,0.25
446,HF,HF,LF,16,1,0.25,0.3
447,HF,HF,LF,16,1,0.25,0.35
448,HF,HF,LF,16,1,0.25,0.4
449,HF,HF,LF,16,1,0.25,0.45
450,HF,HF,LF,16,1,0.25,0.5
451,HF,HF,LF,16,1,0.5,0.0
452,HF,HF,LF,16,1,0.5,0.05
453,HF,HF,LF,16,1,0.5,0.1
454,HF,HF,LF,16,1,0.5,0.15
455,HF,HF,LF,16,1,0.5,0.2
456,HF,HF,LF,16,1,0.5,0.25
457,HF,HF,LF,16,1,0.5,0.3
458,HF,HF,LF,16,1,0.5,0.35
459,HF,HF,LF,16,1,0.5,0.4
460,HF,HF,LF,16,1,0.5,0.45
461,HF,HF,LF,16,1,0.5,0.5
462,HF,HF,LF,19,1,0.1,0.0
463,HF,HF,LF,19,1,0.1,0.05
464,HF,HF,LF,19,1,0.1,0.1
465,HF,HF,LF,19,1,0.1,0.15
466,HF,HF,LF,19,1,0.1,0.2
467,HF,HF,LF,19,1,0.1,0.25
468,HF,HF,LF,19,1,0.1,0.3
469,HF,HF,LF,19,1,0.1,0.35
470,HF,HF,LF,19,1,0.1,0.4
471,HF,HF,LF,19,1,0.1,0.45
472,HF,HF,LF,19,1,0.1,0.5
473,HF,HF,LF,19,1,0.25,0.0
474,HF,HF,LF,19,1,0.25,0.05
475,HF,HF,LF,19,1,0.25,0.1
476,HF,HF,LF,19,1,0.25,0.15
477,HF,HF,LF,19,1,0.25,0.2
478,HF,HF,LF,19,1,0.25,0.25
479,HF,HF,LF,19,1,0.25,0.3
480,HF,HF,LF,19,1,0.25,0.35
481,HF,HF,LF,19,1,0.25,0.4
482,HF,HF,LF,19,1,0.25,0.45
483,HF,HF,LF,19,1,0.25,0.5
484,HF,HF,LF,19,1,0.5,0.0
485,HF,HF,LF,19,1,0.5,0.05
486,HF,HF,LF,19,1,0.5,0.1
487,HF,HF,LF,19,1,0.5,0.15
488,HF,HF,LF,19,1,0.5,0.2
489,HF,HF,LF,19,1,0.5,0.25
490,HF,HF,LF,19,1,0.5,0.3
491,HF,HF,LF,19,1,0.5,0.35
492,HF,HF,LF,19,1,0.5,0.4
493,HF,HF,LF,19,1,0.5,0.45
494,HF,HF,LF,19,1,0.5,0.5
495,HF,HF,LF,22,1,0.1,0.0
496,HF,HF,LF,22,1,0.1,0.05
497,HF,HF,LF,22,1,0.1,0.1
498,HF,HF,LF,22,1,0.1,0.15
499,HF,HF,LF,22,1,0.1,0.2
500,HF,HF,LF,22,1,0.1,0.25
501,HF,HF,LF,22,1,0.1,0.3
502,HF,HF,LF,22,1,0.1,0.35
503,HF,HF,LF,22,1,0.1,0.4
504,HF,HF,LF,22,1,0.1,0.45
505,HF,HF,LF,22,1,0.1,0.5
506,HF,HF,LF,22,1,0.25,0.0
507,HF,HF,LF,22,1,0.25,0.05
508,HF,HF,LF,22,1,0.25,0.1
509,HF,HF,LF,22,1,0.25,0.15
510,HF,HF,LF,22,1,0.25,0.2
511,HF,HF,LF,22,1,0.25,0.25
512,HF,HF,LF,22,1,0.25,0.3
513,HF,HF,LF,22,1,0.25,0.35
514,HF,HF,LF,22,1,0.25,0.4
515,HF,HF,LF,22,1,0.25,0.45
516,HF,HF,LF,22,1,0.25,0.5
517,HF,HF,LF,22,1,0.5,0.0
518,HF,HF,LF,22,1,0.5,0.05
519,HF,HF,LF,22,1,0.5,0.1
520,HF,HF,LF,22,1,0.5,0.15
521,HF,HF,LF,22,1,0.5,0.2
522,HF,HF,LF,22,1,0.5,0.25
523,HF,HF,LF,22,1,0.5,0.3
524,HF,HF,LF,22,1,0.5,0.35
525,HF,HF,LF,22,1,0.5,0.4
526,HF,HF,LF,22,1,0.5,0.45
527,HF,HF,LF,22,1,0.5,0.5
528,HF,LF,HF,1,1,0.1,0.0
529,HF,LF,HF,1,1,0.1,0.05
530,HF,LF,HF,1,1,0.1,0.1
531,HF,LF,HF,1,1,0.1,0.15
532,HF,LF,HF,1,1,0.1,0.2
533,HF,LF,HF,1,1,0.1,0.25
534,HF,LF,HF,1,1,0.1,0.3
535,HF,LF,HF,1,1,0.1,0.35
536,HF,LF,HF,1,1,0.1,0.4
537,HF,LF,HF,1,1,0.1,0.45
538,HF,LF,HF,1,1,0.1,0.5
539,HF,LF,HF,1,1,0.25,0.0
540,HF,LF,HF,1,1,0.25,0.05
541,HF,LF,HF,1,1,0.25,0.1
542,HF,LF,HF,1,1,0.25,0.15
543,HF,LF,HF,1,1,0.25,0.2
544,HF,LF,HF,1,1,0.25,0.25
545,HF,LF,HF,1,1,0.25,0.3
546,HF,LF,HF,1,1,0.25,0.35
547,HF,LF,HF,1,1,0.25,0.4
548,HF,LF,HF,1,1,0.25,0.45
549,HF,LF,HF,1,1,0.25,0.5
550,HF,LF,HF,1,1,0.5,0.0
551,HF,LF,HF,1,1,0.5,0.05
552,HF,LF,HF,1,1,0.5,0.1
553,HF,LF,HF,1,1,0.5,0.15
554,HF,LF,HF,1,1,0.5,0.2
555,HF,LF,HF,1,1,0.5,0.25
556,HF,LF,HF,1,1,0.5,0.3
557,HF,LF,HF,1,1,0.5,0.35
558,HF,LF,HF,1,1,0.5,0.4
559,HF,LF,HF,1,1,0.5,0.45
560,HF,LF,HF,1,1,0.5,0.5
561,HF,LF,HF,4,1,0.1,0.0
562,HF,LF,HF,4,1,0.1,0.05
563,HF,LF,HF,4,1,0.1,0.1
564,HF,LF,HF,4,1,0.1,0.15
565,HF,LF,HF,4,1,0.1,0.2
566,HF,LF,HF,4,1,0.1,0.25
567,HF,LF,HF,4,1,0.1,0.3
568,HF,LF,HF,4,1,0.1,0.35
569,HF,LF,HF,4,1,0.1,0.4
570,HF,LF,HF,4,1,0.1,0.45
571,HF,LF,HF,4,1,0.1,0.5
572,HF,LF,HF,4,1,0.25,0.0
573,HF,LF,HF,4,1,0.25,0.05
574,HF,LF,HF,4,1,0.25,0.1
575,HF,LF,HF,4,1,0.25,0.15
576,HF,LF,HF,4,1,0.25,0.2
577,HF,LF,HF,4,1,0.25,0.25
578,HF,LF,HF,4,1,0.25,0.3
579,HF,LF,HF,4,1,0.25,0.35
580,HF,LF,HF,4,1,0.25,0.4
581,HF,LF,HF,4,1,0.25,0.45
582,HF,LF,HF,4,1,0.25,0.5
583,HF,LF,HF,4,1,0.5,0.0
584,HF,LF,HF,4,1,0.5,0.05
585,HF,LF,HF,4,1,0.5,0.1
586,HF,LF,HF,4,1,0.5,0.15
587,HF,LF,HF,4,1,0.5,0.2
588,HF,LF,HF,4,1,0.5,0.25
589,HF,LF,HF,4,1,0.5,0.3
590,HF,LF,HF,4,1,0.5,0.35
591,HF,LF,HF,4,1,0.5,0.4
592,HF,LF,HF,4,1,0.5,0.45
593,HF,LF,HF,4,1,0.5,0.5
594,HF,LF,HF,7,1,0.1,0.0
595,HF,LF,HF,7,1,0.1,0.05
596,HF,LF,HF,7,1,0.1,0.1
597,HF,LF,HF,7,1,0.1,0.15
598,HF,LF,HF,7,1,0.1,0.2
599,HF,LF,HF,7,1,0.1,0.25
600,HF,LF,HF,7,1,0.1,0.3
601,HF,LF,HF,7,1,0.1,0.35
602,HF,LF,HF,7,1,0.1,0.4
603,HF,LF,HF,7,1,0.1,0.45
604,HF,LF,HF,7,1,0.1,0.5
605,HF,LF,HF,7,1,0.25,0.0
606,HF,LF,HF,7,1,0.25,0.05
607,HF,LF,HF,7,1,0.25,0.1
608,HF,LF,HF,7,1,0.25,0.15
609,HF,LF,HF,7,1,0.25,0.2
610,HF,LF,HF,7,1,0.25,0.25
611,HF,LF,HF,7,1,0.25,0.3
612,HF,LF,HF,7,1,0.25,0.35
613,HF,LF,HF,7,1,0.25,0.4
614,HF,LF,HF,7,1,0.25,0.45
615,HF,LF,HF,7,1,0.25,0.5
616,HF,LF,HF,7,1,0.5,0.0
617,HF,LF,HF,7,1,0.5,0.05
618,HF,LF,HF,7,1,0.5,0.1
619,HF,LF,HF,7,1,0.5,0.15
620,HF,LF,HF,7,1,0.5,0.2
621,HF,LF,HF,7,1,0.5,0.25
622,HF,LF,HF,7,1,0.5,0.3
623,HF,LF,HF,7,1,0.5,0.35
624,HF,LF,HF,7,1,0.5,0.4
625,HF,LF,HF,7,1,0.5,0.45
626,HF,LF,HF,7,1,0.5,0.5
627,HF,LF,HF,10,1,0.1,0.0
628,HF,LF,HF,10,1,0.1,0.05
629,HF,LF,HF,10,1,0.1,0.1
630,HF,LF,HF,10,1,0.1,0.15
631,HF,LF,HF,10,1,0.1,0.2
632,HF,LF,HF,10,1,0.1,0.25
633,HF,LF,HF,10,1,0.1,0.3
634,HF,LF,HF,10,1,0.1,0.35
635,HF,LF,HF,10,1,0.1,0.4
636,HF,LF,HF,10,1,0.1,0.45
637,HF,LF,HF,10,1,0.1,0.5
638,HF,LF,HF,10,1,0.25,0.0
639,HF,LF,HF,10,1,0.25,0.05
640,HF,LF,HF,10,1,0.25,0.1
641,HF,LF,HF,10,1,0.25,0.15
642,HF,LF,HF,10,1,0.25,0.2
643,HF,LF,HF,10,1,0.25,0.25
644,HF,LF,HF,10,1,0.25,0.3
645,HF,LF,HF,10,1,0.25,0.35
646,HF,LF,HF,10,1,0.25,0.4
647,HF,LF,HF,10,1,0.25,0.45
648,HF,LF,HF,10,1,0.25,0.5
649,HF,LF,HF,10,1,0.5,0.0
650,HF,LF,HF,10,1,0.5,0.05
651,HF,LF,HF,10,1,0.5,0.1
652,HF,LF,HF,10,1,0.5,0.15
653,HF,LF,HF,10,1,0.5,0.2
654,HF,LF,HF,10,1,0.5,0.25
655,HF,LF,HF,10,1,0.5,0.3
656,HF,LF,HF,10,1,0.5,0.35
657,HF,LF,HF,10,1,0.5,0.4
658,HF,LF,HF,10,1,0.5,0.45
659,HF,LF,HF,10,1,0.5,0.5
660,HF,LF,HF,13,1,0.1,0.0
661,HF,LF,HF,13,1,0.1,0.05
662,HF,LF,HF,13,1,0.1,0.1
663,HF,LF,HF,13,1,0.1,0.15
664,HF,LF,HF,13,1,0.1,0.2
665,HF,LF,HF,13,1,0.1,0.25
666,HF,LF,HF,13,1,0.1,0.3
667,HF,LF,HF,13,1,0.1,0.35
668,HF,LF,HF,13,1,0.1,0.4
669,HF,LF,HF,13,1,0.1,0.45
670,HF,LF,HF,13,1,0.1,0.5
671,HF,LF,HF,13,1,0.25,0.0
672,HF,LF,HF,13,1,0.25,0.05
673,HF,LF,HF,13,1,0.25,0.1
674,HF,LF,HF,13,1,0.25,0.15
675,HF,LF,HF,13,1,0.25,0.2
676,HF,LF,HF,13,1,0.25,0.25
677,HF,LF,HF,13,1,0.25,0.3
678,HF,LF,HF,13,1,0.25,0.35
679,HF,LF,HF,13,1,0.25,0.4
680,HF,LF,HF,13,1,0.25,0.45
681,HF,LF,HF,13,1,0.25,0.5
682,HF,LF,HF,13,1,0.5,0.0
683,HF,LF,HF,13,1,0.5,0.05
684,HF,LF,HF,13,1,0.5,0.1
685,HF,LF,HF,13,1,0.5,0.15
686,HF,LF,HF,13,1,0.5,0.2
687,HF,LF,HF,13,1,0.5,0.25
688,HF,LF,HF,13,1,0.5,0.3
689,HF,LF,HF,13,1,0.5,0.35
690,HF,LF,HF,13,1,0.5,0.4
691,HF,LF,HF,13,1,0.5,0.45
692,HF,LF,HF,13,1,0.5,0.5
693,HF,LF,HF,16,1,0.1,0.0
694,HF,LF,HF,16,1,0.1,0.05
695,HF,LF,HF,16,1,0.1,0.1
696,HF,LF,HF,16,1,0.1,0.15
697,HF,LF,HF,16,1,0.1,0.2
698,HF,LF,HF,16,1,0.1,0.25
699,HF,LF,HF,16,1,0.1,0.3
700,HF,LF,HF,16,1,0.1,0.35
701,HF,LF,HF,16,1,0.1,0.4
702,HF,LF,HF,16,1,0.1,0.45
703,HF,LF,HF,16,1,0.1,0.5
704,HF,LF,HF,16,1,0.25,0.0
705,HF,LF,HF,16,1,0.25,0.05
706,HF,LF,HF,16,1,0.25,0.1
707,HF,LF,HF,16,1,0.25,0.15
708,HF,LF,HF,16,1,0.25,0.2
709,HF,LF,HF,16,1,0.25,0.25
710,HF,LF,HF,16,1,0.25,0.3
711,HF,LF,HF,16,1,0.25,0.35
712,HF,LF,HF,16,1,0.25,0.4
713,HF,LF,HF,16,1,0.25,0.45
714,HF,LF,HF,16,1,0.25,0.5
715,HF,LF,HF,16,1,0.5,0.0
716,HF,LF,HF,16,1,0.5,0.05
717,HF,LF,HF,16,1,0.5,0.1
718,HF,LF,HF,16,1,0.5,0.15
719,HF,LF,HF,16,1,0.5,0.2
720,HF,LF,HF,16,1,0.5,0.25
721,HF,LF,HF,16,1,0.5,0.3
722,HF,LF,HF,16,1,0.5,0.35
723,HF,LF,HF,16,1,0.5,0.4
724,HF,LF,HF,16,1,0.5,0.45
725,HF,LF,HF,16,1,0.5,0.5
726,HF,LF,HF,19,1,0.1,0.0
727,HF,LF,HF,19,1,0.1,0.05
728,HF,LF,HF,19,1,0.1,0.1
729,HF,LF,HF,19,1,0.1,0.15
730,HF,LF,HF,19,1,0.1,0.2
731,HF,LF,HF,19,1,0.1,0.25
732,HF,LF,HF,19,1,0.1,0.3
733,HF,LF,HF,19,1,0.1,0.35
734,HF,LF,HF,19,1,0.1,0.4
735,HF,LF,HF,19,1,0.1,0.45
736,HF,LF,HF,19,1,0.1,0.5
737,HF,LF,HF,19,1,0.25,0.0
738,HF,LF,HF,19,1,0.25,0.05
739,HF,LF,HF,19,1,0.25,0.1
740,HF,LF,HF,19,1,0.25,0.15
741,HF,LF,HF,19,1,0.25,0.2
742,HF,LF,HF,19,1,0.25,0.25
743,HF,LF,HF,19,1,0.25,0.3
744,HF,LF,HF,19,1,0.25,0.35
745,HF,LF,HF,19,1,0.25,0.4
746,HF,LF,HF,19,1,0.25,0.45
747,HF,LF,HF,19,1,0.25,0.5
748,HF,LF,HF,19,1,0.5,0.0
749,HF,LF,HF,19,1,0.5,0.05
750,HF,LF,HF,19,1,0.5,0.1
751,HF,LF,HF,19,1,0.5,0.15
752,HF,LF,HF,19,1,0.5,0.2
753,HF,LF,HF,19,1,0.5,0.25
754,HF,LF,HF,19,1,0.5,0.3
755,HF,LF,HF,19,1,0.5,0.35
756,HF,LF,HF,19,1,0.5,0.4
757,HF,LF,HF,19,1,0.5,0.45
758,HF,LF,HF,19,1,0.5,0.5
759,HF,LF,HF,22,1,0.1,0.0
760,HF,LF,HF,22,1,0.1,0.05
761,HF,LF,HF,22,1,0.1,0.1
762,HF,LF,HF,22,1,0.1,0.15
763,HF,LF,HF,22,1,0.1,0.2
764,HF,LF,HF,22,1,0.1,0.25
765,HF,LF,HF,22,1,0.1,0.3
766,HF,LF,HF,22,1,0.1,0.35
767,HF,LF,HF,22,1,0.1,0.4
768,HF,LF,HF,22,1,0.1,0.45
769,HF,LF,HF,22,1,0.1,0.5
770,HF,LF,HF,22,1,0.25,0.0
771,HF,LF,HF,22,1,0.25,0.05
772,HF,LF,HF,22,1,0.25,0.1
773,HF,LF,HF,22,1,0.25,0.15
774,HF,LF,HF,22,1,0.25,0.2
775,HF,LF,HF,22,1,0.25,0.25
776,HF,LF,HF,22,1,0.25,0.3
777,HF,LF,HF,22,1,0.25,0.35
778,HF,LF,HF,22,1,0.25,0.4
779,HF,LF,HF,22,1,0.25,0.45
780,HF,LF,HF,22,1,0.25,0.5
781,HF,LF,HF,22,1,0.5,0.0
782,HF,LF,HF,22,1,0.5,0.05
783,HF,LF,HF,22,1,0.5,0.1
784,HF,LF,HF,22,1,0.5,0.15
785,HF,LF,HF,22,1,0.5,0.2
786,HF,LF,HF,22,1,0.5,0.25
787,HF,LF,HF,22,1,0.5,0.3
788,HF,LF,HF,22,1,0.5,0.35
789,HF,LF,HF,22,1,0.5,0.4
790,HF,LF,HF,22,1,0.5,0.45
791,HF,LF,HF,22,1,0.5,0.5
792,HF,LF,LF,1,1,0.1,0.0
793,HF,LF,LF,1,1,0.1,0.05
794,HF,LF,LF,1,1,0.1,0.1
795,HF,LF,LF,1,1,0.1,0.15
796,HF,LF,LF,1,1,0.1,0.2
797,HF,LF,LF,1,1,0.1,0.25
798,HF,LF,LF,1,1,0.1,0.3
799,HF,LF,LF,1,1,0.1,0.35
800,HF,LF,LF,1,1,0.1,0.4
801,HF,LF,LF,1,1,0.1,0.45
802,HF,LF,LF,1,1,0.1,0.5
803,HF,LF,LF,1,1,0.25,0.0
804,HF,LF,LF,1,1,0.25,0.05
805,HF,LF,LF,1,1,0.25,0.1
806,HF,LF,LF,1,1,0.25,0.15
807,HF,LF,LF,1,1,0.25,0.2
808,HF,LF,LF,1,1,0.25,0.25
809,HF,LF,LF,1,1,0.25,0.3
810,HF,LF,LF,1,1,0.25,0.35
811,HF,LF,LF,1,1,0.25,0.4
812,HF,LF,LF,1,1,0.25,0.45
813,HF,LF,LF,1,1,0.25,0.5
814,HF,LF,LF,1,1,0.5,0.0
815,HF,LF,LF,1,1,0.5,0.05
816,HF,LF,LF,1,1,0.5,0.1
817,HF,LF,LF,1,1,0.5,0.15
818,HF,LF,LF,1,1,0.5,0.2
819,HF,LF,LF,1,1,0.5,0.25
820,HF,LF,LF,1,1,0.5,0.3
821,HF,LF,LF,1,1,0.5,0.35
822,HF,LF,LF,1,1,0.5,0.4
823,HF,LF,LF,1,1,0.5,0.45
824,HF,LF,LF,1,1,0.5,0.5
825,HF,LF,LF,4,1,0.1,0.0
826,HF,LF,LF,4,1,0.1,0.05
827,HF,LF,LF,4,1,0.1,0.1
828,HF,LF,LF,4,1,0.1,0.15
829,HF,LF,LF,4,1,0.1,0.2
830,HF,LF,LF,4,1,0.1,0.25
831,HF,LF,LF,4,1,0.1,0.3
832,HF,LF,LF,4,1,0.1,0.35
833,HF,LF,LF,4,1,0.1,0.4
834,HF,LF,LF,4,1,0.1,0.45
835,HF,LF,LF,4,1,0.1,0.5
836,HF,LF,LF,4,1,0.25,0.0
837,HF,LF,LF,4,1,0.25,0.05
838,HF,LF,LF,4,1,0.25,0.1
839,HF,LF,LF,4,1,0.25,0.15
840,HF,LF,LF,4,1,0.25,0.2
841,HF,LF,LF,4,1,0.25,0.25
842,HF,LF,LF,4,1,0.25,0.3
843,HF,LF,LF,4,1,0.25,0.35
844,HF,LF,LF,4,1,0.25,0.4
845,HF,LF,LF,4,1,0.25,0.45
846,HF,LF,LF,4,1,0.25,0.5
847,HF,LF,LF,4,1,0.5,0.0
848,HF,LF,LF,4,1,0.5,0.05
849,HF,LF,LF,4,1,0.5,0.1
850,HF,LF,LF,4,1,0.5,0.15
851,HF,LF,LF,4,1,0.5,0.2
852,HF,LF,LF,4,1,0.5,0.25
853,HF,LF,LF,4,1,0.5,0.3
854,HF,LF,LF,4,1,0.5,0.35
855,HF,LF,LF,4,1,0.5,0.4
856,HF,LF,LF,4,1,0.5,0.45
857,HF,LF,LF,4,1,0.5,0.5
858,HF,LF,LF,7,1,0.1,0.0
859,HF,LF,LF,7,1,0.1,0.05
860,HF,LF,LF,7,1,0.1,0.1
861,HF,LF,LF,7,1,0.1,0.15
862,HF,LF,LF,7,1,0.1,0.2
863,HF,LF,LF,7,1,0.1,0.25
864,HF,LF,LF,7,1,0.1,0.3
865,HF,LF,LF,7,1,0.1,0.35
866,HF,LF,LF,7,1,0.1,0.4
867,HF,LF,LF,7,1,0.1,0.45
868,HF,LF,LF,7,1,0.1,0.5
869,HF,LF,LF,7,1,0.25,0.0
870,HF,LF,LF,7,1,0.25,0.05
871,HF,LF,LF,7,1,0.25,0.1
872,HF,LF,LF,7,1,0.25,0.15
873,HF,LF,LF,7,1,0.25,0.2
874,HF,LF,LF,7,1,0.25,0.25
875,HF,LF,LF,7,1,0.25,0.3
876,HF,LF,LF,7,1,0.25,0.35
877,HF,LF,LF,7,1,0.25,0.4
878,HF,LF,LF,7,1,0.25,0.45
879,HF,LF,LF,7,1,0.25,0.5
880,HF,LF,LF,7,1,0.5,0.0
881,HF,LF,LF,7,1,0.5,0.05
882,HF,LF,LF,7,1,0.5,0.1
883,HF,LF,LF,7,1,0.5,0.15
884,HF,LF,LF,7,1,0.5,0.2
885,HF,LF,LF,7,1,0.5,0.25
886,HF,LF,LF,7,1,0.5,0.3
887,HF,LF,LF,7,1,0.5,0.35
888,HF,LF,LF,7,1,0.5,0.4
889,HF,LF,LF,7,1,0.5,0.45
890,HF,LF,LF,7,1,0.5,0.5
891,HF,LF,LF,10,1,0.1,0.0
892,HF,LF,LF,10,1,0.1,0.05
893,HF,LF,LF,10,1,0.1,0.1
894,HF,LF,LF,10,1,0.1,0.15
895,HF,LF,LF,10,1,0.1,0.2
896,HF,LF,LF,10,1,0.1,0.25
897,HF,LF,LF,10,1,0.1,0.3
898,HF,LF,LF,10,1,0.1,0.35
899,HF,LF,LF,10,1,0.1,0.4
900,HF,LF,LF,10,1,0.1,0.45
901,HF,LF,LF,10,1,0.1,0.5
902,HF,LF,LF,10,1,0.25,0.0
903,HF,LF,LF,10,1,0.25,0.05
904,HF,LF,LF,10,1,0.25,0.1
905,HF,LF,LF,10,1,0.25,0.15
906,HF,LF,LF,10,1,0.25,0.2
907,HF,LF,LF,10,1,0.25,0.25
908,HF,LF,LF,10,1,0.25,0.3
909,HF,LF,LF,10,1,0.25,0.35
910,HF,LF,LF,10,1,0.25,0.4
911,HF,LF,LF,10,1,0.25,0.45
912,HF,LF,LF,10,1,0.25,0.5
913,HF,LF,LF,10,1,0.5,0.0
914,HF,LF,LF,10,1,0.5,0.05
915,HF,LF,LF,10,1,0.5,0.1
916,HF,LF,LF,10,1,0.5,0.15
917,HF,LF,LF,10,1,0.5,0.2
918,HF,LF,LF,10,1,0.5,0.25
919,HF,LF,LF,10,1,0.5,0.3
920,HF,LF,LF,10,1,0.5,0.35
921,HF,LF,LF,10,1,0.5,0.4
922,HF,LF,LF,10,1,0.5,0.45
923,HF,LF,LF,10,1,0.5,0.5
924,HF,LF,LF,13,1,0.1,0.0
925,HF,LF,LF,13,1,0.1,0.05
926,HF,LF,LF,13,1,0.1,0.1
927,HF,LF,LF,13,1,0.1,0.15
928,HF,LF,LF,13,1,0.1,0.2
929,HF,LF,LF,13,1,0.1,0.25
930,HF,LF,LF,13,1,0.1,0.3
931,HF,LF,LF,13,1,0.1,0.35
932,HF,LF,LF,13,1,0.1,0.4
933,HF,LF,LF,13,1,0.1,0.45
934,HF,LF,LF,13,1,0.1,0.5
935,HF,LF,LF,13,1,0.25,0.0
936,HF,LF,LF,13,1,0.25,0.05
937,HF,LF,LF,13,1,0.25,0.1
938,HF,LF,LF,13,1,0.25,0.15
939,HF,LF,LF,13,1,0.25,0.2
940,HF,LF,LF,13,1,0.25,0.25
941,HF,LF,LF,13,1,0.25,0.3
942,HF,LF,LF,13,1,0.25,0.35
943,HF,LF,LF,13,1,0.25,0.4
944,HF,LF,LF,13,1,0.25,0.45
945,HF,LF,LF,13,1,0.25,0.5
946,HF,LF,LF,13,1,0.5,0.0
947,HF,LF,LF,13,1,0.5,0.05
948,HF,LF,LF,13,1,0.5,0.1
949,HF,LF,LF,13,1,0.5,0.15
950,HF,LF,LF,13,1,0.5,0.2
951,HF,LF,LF,13,1,0.5,0.25
952,HF,LF,LF,13,1,0.5,0.3
953,HF,LF,LF,13,1,0.5,0.35
954,HF,LF,LF,13,1,0.5,0.4
955,HF,LF,LF,13,1,0.5,0.45
956,HF,LF,LF,13,1,0.5,0.5
957,HF,LF,LF,16,1,0.1,0.0
958,HF,LF,LF,16,1,0.1,0.05
959,HF,LF,LF,16,1,0.1,0.1
960,HF,LF,LF,16,1,0.1,0.15
961,HF,LF,LF,16,1,0.1,0.2
962,HF,LF,LF,16,1,0.1,0.25
963,HF,LF,LF,16,1,0.1,0.3
964,HF,LF,LF,16,1,0.1,0.35
965,HF,LF,LF,16,1,0.1,0.4
966,HF,LF,LF,16,1,0.1,0.45
967,HF,LF,LF,16,1,0.1,0.5
968,HF,LF,LF,16,1,0.25,0.0
969,HF,LF,LF,16,1,0.25,0.05
970,HF,LF,LF,16,1,0.25,0.1
971,HF,LF,LF,16,1,0.25,0.15
972,HF,LF,LF,16,1,0.25,0.2
973,HF,LF,LF,16,1,0.25,0.25
974,HF,LF,LF,16,1,0.25,0.3
975,HF,LF,LF,16,1,0.25,0.35
976,HF,LF,LF,16,1,0.25,0.4
977,HF,LF,LF,16,1,0.25,0.45
978,HF,LF,LF,16,1,0.25,0.5
979,HF,LF,LF,16,1,0.5,0.0
980,HF,LF,LF,16,1,0.5,0.05
981,HF,LF,LF,16,1,0.5,0.1
982,HF,LF,LF,16,1,0.5,0.15
983,HF,LF,LF,16,1,0.5,0.2
984,HF,LF,LF,16,1,0.5,0.25
985,HF,LF,LF,16,1,0.5,0.3
986,HF,LF,LF,16,1,0.5,0.35
987,HF,LF,LF,16,1,0.5,0.4
988,HF,LF,LF,16,1,0.5,0.45
989,HF,LF,LF,16,1,0.5,0.5
990,HF,LF,LF,19,1,0.1,0.0
991,HF,LF,LF,19,1,0.1,0.05
992,HF,LF,LF,19,1,0.1,0.1
993,HF,LF,LF,19,1,0.1,0.15
994,HF,LF,LF,19,1,0.1,0.2
995,HF,LF,LF,19,1,0.1,0.25
996,HF,LF,LF,19,1,0.1,0.3
997,HF,LF,LF,19,1,0.1,0.35
998,HF,LF,LF,19,1,0.1,0.4
999,HF,LF,LF,19,1,0.1,0.45
1000,HF,LF,LF,19,1,0.1,0.5
1001,HF,LF,LF,19,1,0.25,0.0
1002,HF,LF,LF,19,1,0.25,0.05
1003,HF,LF,LF,19,1,0.25,0.1
1004,HF,LF,LF,19,1,0.25,0.15
1005,HF,LF,LF,19,1,0.25,0.2
1006,HF,LF,LF,19,1,0.25,0.25
1007,HF,LF,LF,19,1,0.25,0.3
1008,HF,LF,LF,19,1,0.25,0.35
1009,HF,LF,LF,19,1,0.25,0.4
1010,HF,LF,LF,19,1,0.25,0.45
1011,HF,LF,LF,19,1,0.25,0.5
1012,HF,LF,LF,19,1,0.5,0.0
1013,HF,LF,LF,19,1,0.5,0.05
1014,HF,LF,LF,19,1,0.5,0.1
1015,HF,LF,LF,19,1,0.5,0.15
1016,HF,LF,LF,19,1,0.5,0.2
1017,HF,LF,LF,19,1,0.5,0.25
1018,HF,LF,LF,19,1,0.5,0.3
1019,HF,LF,LF,19,1,0.5,0.35
1020,HF,LF,LF,19,1,0.5,0.4
1021,HF,LF,LF,19,1,0.5,0.45
1022,HF,LF,LF,19,1,0.5,0.5
1023,HF,LF,LF,22,1,0.1,0.0
1024,HF,LF,LF,22,1,0.1,0.05
1025,HF,LF,LF,22,1,0.1,0.1
1026,HF,LF,LF,22,1,0.1,0.15
1027,HF,LF,LF,22,1,0.1,0.2
1028,HF,LF,LF,22,1,0.1,0.25
1029,HF,LF,LF,22,1,0.1,0.3
1030,HF,LF,LF,22,1,0.1,0.35
1031,HF,LF,LF,22,1,0.1,0.4
1032,HF,LF,LF,22,1,0.1,0.45
1033,HF,LF,LF,22,1,0.1,0.5
1034,HF,LF,LF,22,1,0.25,0.0
1035,HF,LF,LF,22,1,0.25,0.05
1036,HF,LF,LF,22,1,0.25,0.1
1037,HF,LF,LF,22,1,0.25,0.15
1038,HF,LF,LF,22,1,0.25,0.2
1039,HF,LF,LF,22,1,0.25,0.25
1040,HF,LF,LF,22,1,0.25,0.3
1041,HF,LF,LF,22,1,0.25,0.35
1042,HF,LF,LF,22,1,0.25,0.4
1043,HF,LF,LF,22,1,0.25,0.45
1044,HF,LF,LF,22,1,0.25,0.5
1045,HF,LF,LF,22,1,0.5,0.0
1046,HF,LF,LF,22,1,0.5,0.05
1047,HF,LF,LF,22,1,0.5,0.1
1048,HF,LF,LF,22,1,0.5,0.15
1049,HF,LF,LF,22,1,0.5,0.2
1050,HF,LF,LF,22,1,0.5,0.25
1051,HF,LF,LF,22,1,0.5,0.3
1052,HF,LF,LF,22,1,0.5,0.35
1053,HF,LF,LF,22,1,0.5,0.4
1054,HF,LF,LF,22,1,0.5,0.45
1055,HF,LF,LF,22,1,0.5,0.5
1056,LF,HF,HF,1,1,0.1,0.0
1057,LF,HF,HF,1,1,0.1,0.05
1058,LF,HF,HF,1,1,0.1,0.1
1059,LF,HF,HF,1,1,0.1,0.15
1060,LF,HF,HF,1,1,0.1,0.2
1061,LF,HF,HF,1,1,0.1,0.25
1062,LF,HF,HF,1,1,0.1,0.3
1063,LF,HF,HF,1,1,0.1,0.35
1064,LF,HF,HF,1,1,0.1,0.4
1065,LF,HF,HF,1,1,0.1,0.45
1066,LF,HF,HF,1,1,0.1,0.5
1067,LF,HF,HF,1,1,0.25,0.0
1068,LF,HF,HF,1,1,0.25,0.05
1069,LF,HF,HF,1,1,0.25,0.1
1070,LF,HF,HF,1,1,0.25,0.15
1071,LF,HF,HF,1,1,0.25,0.2
1072,LF,HF,HF,1,1,0.25,0.25
1073,LF,HF,HF,1,1,0.25,0.3
1074,LF,HF,HF,1,1,0.25,0.35
1075,LF,HF,HF,1,1,0.25,0.4
1076,LF,HF,HF,1,1,0.25,0.45
1077,LF,HF,HF,1,1,0.25,0.5
1078,LF,HF,HF,1,1,0.5,0.0
1079,LF,HF,HF,1,1,0.5,0.05
1080,LF,HF,HF,1,1,0.5,0.1
1081,LF,HF,HF,1,1,0.5,0.15
1082,LF,HF,HF,1,1,0.5,0.2
1083,LF,HF,HF,1,1,0.5,0.25
1084,LF,HF,HF,1,1,0.5,0.3
1085,LF,HF,HF,1,1,0.5,0.35
1086,LF,HF,HF,1,1,0.5,0.4
1087,LF,HF,HF,1,1,0.5,0.45
1088,LF,HF,HF,1,1,0.5,0.5
1089,LF,HF,HF,4,1,0.1,0.0
1090,LF,HF,HF,4,1,0.1,0.05
1091,LF,HF,HF,4,1,0.1,0.1
1092,LF,HF,HF,4,1,0.1,0.15
1093,LF,HF,HF,4,1,0.1,0.2
1094,LF,HF,HF,4,1,0.1,0.25
1095,LF,HF,HF,4,1,0.1,0.3
1096,LF,HF,HF,4,1,0.1,0.35
1097,LF,HF,HF,4,1,0.1,0.4
1098,LF,HF,HF,4,1,0.1,0.45
1099,LF,HF,HF,4,1,0.1,0.5
1100,LF,HF,HF,4,1,0.25,0.0
1101,LF,HF,HF,4,1,0.25,0.05
1102,LF,HF,HF,4,1,0.25,0.1
1103,LF,HF,HF,4,1,0.25,0.15
1104,LF,HF,HF,4,1,0.25,0.2
1105,LF,HF,HF,4,1,0.25,0.25
1106,LF,HF,HF,4,1,0.25,0.3
1107,LF,HF,HF,4,1,0.25,0.35
1108,LF,HF,HF,4,1,0.25,0.4
1109,LF,HF,HF,4,1,0.25,0.45
1110,LF,HF,HF,4,1,0.25,0.5
1111,LF,HF,HF,4,1,0.5,0.0
1112,LF,HF,HF,4,1,0.5,0.05
1113,LF,HF,HF,4,1,0.5,0.1
1114,LF,HF,HF,4,1,0.5,0.15
1115,LF,HF,HF,4,1,0.5,0.2
1116,LF,HF,HF,4,1,0.5,0.25
1117,LF,HF,HF,4,1,0.5,0.3
1118,LF,HF,HF,4,1,0.5,0.35
1119,LF,HF,HF,4,1,0.5,0.4
1120,LF,HF,HF,4,1,0.5,0.45
1121,LF,HF,HF,4,1,0.5,0.5
1122,LF,HF,HF,7,1,0.1,0.0
1123,LF,HF,HF,7,1,0.1,0.05
1124,LF,HF,HF,7,1,0.1,0.1
1125,LF,HF,HF,7,1,0.1,0.15
1126,LF,HF,HF,7,1,0.1,0.2
1127,LF,HF,HF,7,1,0.1,0.25
1128,LF,HF,HF,7,1,0.1,0.3
1129,LF,HF,HF,7,1,0.1,0.35
1130,LF,HF,HF,7,1,0.1,0.4
1131,LF,HF,HF,7,1,0.1,0.45
1132,LF,HF,HF,7,1,0.1,0.5
1133,LF,HF,HF,7,1,0.25,0.0
1134,LF,HF,HF,7,1,0.25,0.05
1135,LF,HF,HF,7,1,0.25,0.1
1136,LF,HF,HF,7,1,0.25,0.15
1137,LF,HF,HF,7,1,0.25,0.2
1138,LF,HF,HF,7,1,0.25,0.25
1139,LF,HF,HF,7,1,0.25,0.3
1140,LF,HF,HF,7,1,0.25,0.35
1141,LF,HF,HF,7,1,0.25,0.4
1142,LF,HF,HF,7,1,0.25,0.45
1143,LF,HF,HF,7,1,0.25,0.5
1144,LF,HF,HF,7,1,0.5,0.0
1145,LF,HF,HF,7,1,0.5,0.05
1146,LF,HF,HF,7,1,0.5,0.1
1147,LF,HF,HF,7,1,0.5,0.15
1148,LF,HF,HF,7,1,0.5,0.2
1149,LF,HF,HF,7,1,0.5,0.25
1150,LF,HF,HF,7,1,0.5,0.3
1151,LF,HF,HF,7,1,0.5,0.35
1152,LF,HF,HF,7,1,0.5,0.4
1153,LF,HF,HF,7,1,0.5,0.45
1154,LF,HF,HF,7,1,0.5,0.5
1155,LF,HF,HF,10,1,0.1,0.0
1156,LF,HF,HF,10,1,0.1,0.05
1157,LF,HF,HF,10,1,0.1,0.1
1158,LF,HF,HF,10,1,0.1,0.15
1159,LF,HF,HF,10,1,0.1,0.2
1160,LF,HF,HF,10,1,0.1,0.25
1161,LF,HF,HF,10,1,0.1,0.3
1162,LF,HF,HF,10,1,0.1,0.35
1163,LF,HF,HF,10,1,0.1,0.4
1164,LF,HF,HF,10,1,0.1,0.45
1165,LF,HF,HF,10,1,0.1,0.5
1166,LF,HF,HF,10,1,0.25,0.0
1167,LF,HF,HF,10,1,0.25,0.05
1168,LF,HF,HF,10,1,0.25,0.1
1169,LF,HF,HF,10,1,0.25,0.15
1170,LF,HF,HF,10,1,0.25,0.2
1171,LF,HF,HF,10,1,0.25,0.25
1172,LF,HF,HF,10,1,0.25,0.3
1173,LF,HF,HF,10,1,0.25,0.35
1174,LF,HF,HF,10,1,0.25,0.4
1175,LF,HF,HF,10,1,0.25,0.45
1176,LF,HF,HF,10,1,0.25,0.5
1177,LF,HF,HF,10,1,0.5,0.0
1178,LF,HF,HF,10,1,0.5,0.05
1179,LF,HF,HF,10,1,0.5,0.1
1180,LF,HF,HF,10,1,0.5,0.15
1181,LF,HF,HF,10,1,0.5,0.2
1182,LF,HF,HF,10,1,0.5,0.25
1183,LF,HF,HF,10,1,0.5,0.3
1184,LF,HF,HF,10,1,0.5,0.35
1185,LF,HF,HF,10,1,0.5,0.4
1186,LF,HF,HF,10,1,0.5,0.45
1187,LF,HF,HF,10,1,0.5,0.5
1188,LF,HF,HF,13,1,0.1,0.0
1189,LF,HF,HF,13,1,0.1,0.05
1190,LF,HF,HF,13,1,0.1,0.1
1191,LF,HF,HF,13,1,0.1,0.15
1192,LF,HF,HF,13,1,0.1,0.2
1193,LF,HF,HF,13,1,0.1,0.25
1194,LF,HF,HF,13,1,0.1,0.3
1195,LF,HF,HF,13,1,0.1,0.35
1196,LF,HF,HF,13,1,0.1,0.4
1197,LF,HF,HF,13,1,0.1,0.45
1198,LF,HF,HF,13,1,0.1,0.5
1199,LF,HF,HF,13,1,0.25,0.0
1200,LF,HF,HF,13,1,0.25,0.05
1201,LF,HF,HF,13,1,0.25,0.1
1202,LF,HF,HF,13,1,0.25,0.15
1203,LF,HF,HF,13,1,0.25,0.2
1204,LF,HF,HF,13,1,0.25,0.25
1205,LF,HF,HF,13,1,0.25,0.3
1206,LF,HF,HF,13,1,0.25,0.35
1207,LF,HF,HF,13,1,0.25,0.4
1208,LF,HF,HF,13,1,0.25,0.45
1209,LF,HF,HF,13,1,0.25,0.5
1210,LF,HF,HF,13,1,0.5,0.0
1211,LF,HF,HF,13,1,0.5,0.05
1212,LF,HF,HF,13,1,0.5,0.1
1213,LF,HF,HF,13,1,0.5,0.15
1214,LF,HF,HF,13,1,0.5,0.2
1215,LF,HF,HF,13,1,0.5,0.25
1216,LF,HF,HF,13,1,0.5,0.3
1217,LF,HF,HF,13,1,0.5,0.35
1218,LF,HF,HF,13,1,0.5,0.4
1219,LF,HF,HF,13,1,0.5,0.45
1220,LF,HF,HF,13,1,0.5,0.5
1221,LF,HF,HF,16,1,0.1,0.0
1222,LF,HF,HF,16,1,0.1,0.05
1223,LF,HF,HF,16,1,0.1,0.1
1224,LF,HF,HF,16,1,0.1,0.15
1225,LF,HF,HF,16,1,0.1,0.2
1226,LF,HF,HF,16,1,0.1,0.25
1227,LF,HF,HF,16,1,0.1,0.3
1228,LF,HF,HF,16,1,0.1,0.35
1229,LF,HF,HF,16,1,0.1,0.4
1230,LF,HF,HF,16,1,0.1,0.45
1231,LF,HF,HF,16,1,0.1,0.5
1232,LF,HF,HF,16,1,0.25,0.0
1233,LF,HF,HF,16,1,0.25,0.05
1234,LF,HF,HF,16,1,0.25,0.1
1235,LF,HF,HF,16,1,0.25,0.15
1236,LF,HF,HF,16,1,0.25,0.2
1237,LF,HF,HF,16,1,0.25,0.25
1238,LF,HF,HF,16,1,0.25,0.3
1239,LF,HF,HF,16,1,0.25,0.35
1240,LF,HF,HF,16,1,0.25,0.4
1241,LF,HF,HF,16,1,0.25,0.45
1242,LF,HF,HF,16,1,0.25,0.5
1243,LF,HF,HF,16,1,0.5,0.0
1244,LF,HF,HF,16,1,0.5,0.05
1245,LF,HF,HF,16,1,0.5,0.1
1246,LF,HF,HF,16,1,0.5,0.15
1247,LF,HF,HF,16,1,0.5,0.2
1248,LF,HF,HF,16,1,0.5,0.25
1249,LF,HF,HF,16,1,0.5,0.3
1250,LF,HF,HF,16,1,0.5,0.35
1251,LF,HF,HF,16,1,0.5,0.4
1252,LF,HF,HF,16,1,0.5,0.45
1253,LF,HF,HF,16,1,0.5,0.5
1254,LF,HF,HF,19,1,0.1,0.0
1255,LF,HF,HF,19,1,0.1,0.05
1256,LF,HF,HF,19,1,0.1,0.1
1257,LF,HF,HF,19,1,0.1,0.15
1258,LF,HF,HF,19,1,0.1,0.2
1259,LF,HF,HF,19,1,0.1,0.25
1260,LF,HF,HF,19,1,0.1,0.3
1261,LF,HF,HF,19,1,0.1,0.35
1262,LF,HF,HF,19,1,0.1,0.4
1263,LF,HF,HF,19,1,0.1,0.45
1264,LF,HF,HF,19,1,0.1,0.5
1265,LF,HF,HF,19,1,0.25,0.0
1266,LF,HF,HF,19,1,0.25,0.05
1267,LF,HF,HF,19,1,0.25,0.1
1268,LF,HF,HF,19,1,0.25,0.15
1269,LF,HF,HF,19,1,0.25,0.2
1270,LF,HF,HF,19,1,0.25,0.25
1271,LF,HF,HF,19,1,0.25,0.3
1272,LF,HF,HF,19,1,0.25,0.35
1273,LF,HF,HF,19,1,0.25,0.4
1274,LF,HF,HF,19,1,0.25,0.45
1275,LF,HF,HF,19,1,0.25,0.5
1276,LF,HF,HF,19,1,0.5,0.0
1277,LF,HF,HF,19,1,0.5,0.05
1278,LF,HF,HF,19,1,0.5,0.1
1279,LF,HF,HF,19,1,0.5,0.15
1280,LF,HF,HF,19,1,0.5,0.2
1281,LF,HF,HF,19,1,0.5,0.25
1282,LF,HF,HF,19,1,0.5,0.3
1283,LF,HF,HF,19,1,0.5,0.35
1284,LF,HF,HF,19,1,0.5,0.4
1285,LF,HF,HF,19,1,0.5,0.45
1286,LF,HF,HF,19,1,0.5,0.5
1287,LF,HF,HF,22,1,0.1,0.0
1288,LF,HF,HF,22,1,0.1,0.05
1289,LF,HF,HF,22,1,0.1,0.1
1290,LF,HF,HF,22,1,0.1,0.15
1291,LF,HF,HF,22,1,0.1,0.2
1292,LF,HF,HF,22,1,0.1,0.25
1293,LF,HF,HF,22,1,0.1,0.3
1294,LF,HF,HF,22,1,0.1,0.35
1295,LF,HF,HF,22,1,0.1,0.4
1296,LF,HF,HF,22,1,0.1,0.45
1297,LF,HF,HF,22,1,0.1,0.5
1298,LF,HF,HF,22,1,0.25,0.0
1299,LF,HF,HF,22,1,0.25,0.05
1300,LF,HF,HF,22,1,0.25,0.1
1301,LF,HF,HF,22,1,0.25,0.15
1302,LF,HF,HF,22,1,0.25,0.2
1303,LF,HF,HF,22,1,0.25,0.25
1304,LF,HF,HF,22,1,0.25,0.3
1305,LF,HF,HF,22,1,0.25,0.35
1306,LF,HF,HF,22,1,0.25,0.4
1307,LF,HF,HF,22,1,0.25,0.45
1308,LF,HF,HF,22,1,0.25,0.5
1309,LF,HF,HF,22,1,0.5,0.0
1310,LF,HF,HF,22,1,0.5,0.05
1311,LF,HF,HF,22,1,0.5,0.1
1312,LF,HF,HF,22,1,0.5,0.15
1313,LF,HF,HF,22,1,0.5,0.2
1314,LF,HF,HF,22,1,0.5,0.25
1315,LF,HF,HF,22,1,0.5,0.3
1316,LF,HF,HF,22,1,0.5,0.35
1317,LF,HF,HF,22,1,0.5,0.4
1318,LF,HF,HF,22,1,0.5,0.45
1319,LF,HF,HF,22,1,0.5,0.5
1320,LF,HF,LF,1,1,0.1,0.0
1321,LF,HF,LF,1,1,0.1,0.05
1322,LF,HF,LF,1,1,0.1,0.1
1323,LF,HF,LF,1,1,0.1,0.15
1324,LF,HF,LF,1,1,0.1,0.2
1325,LF,HF,LF,1,1,0.1,0.25
1326,LF,HF,LF,1,1,0.1,0.3
1327,LF,HF,LF,1,1,0.1,0.35
1328,LF,HF,LF,1,1,0.1,0.4
1329,LF,HF,LF,1,1,0.1,0.45
1330,LF,HF,LF,1,1,0.1,0.5
1331,LF,HF,LF,1,1,0.25,0.0
1332,LF,HF,LF,1,1,0.25,0.05
1333,LF,HF,LF,1,1,0.25,0.1
1334,LF,HF,LF,1,1,0.25,0.15
1335,LF,HF,LF,1,1,0.25,0.2
1336,LF,HF,LF,1,1,0.25,0.25
1337,LF,HF,LF,1,1,0.25,0.3
1338,LF,HF,LF,1,1,0.25,0.35
1339,LF,HF,LF,1,1,0.25,0.4
1340,LF,HF,LF,1,1,0.25,0.45
1341,LF,HF,LF,1,1,0.25,0.5
1342,LF,HF,LF,1,1,0.5,0.0
1343,LF,HF,LF,1,1,0.5,0.05
1344,LF,HF,LF,1,1,0.5,0.1
1345,LF,HF,LF,1,1,0.5,0.15
1346,LF,HF,LF,1,1,0.5,0.2
1347,LF,HF,LF,1,1,0.5,0.25
1348,LF,HF,LF,1,1,0.5,0.3
1349,LF,HF,LF,1,1,0.5,0.35
1350,LF,HF,LF,1,1,0.5,0.4
1351,LF,HF,LF,1,1,0.5,0.45
1352,LF,HF,LF,1,1,0.5,0.5
1353,LF,HF,LF,4,1,0.1,0.0
1354,LF,HF,LF,4,1,0.1,0.05
1355,LF,HF,LF,4,1,0.1,0.1
1356,LF,HF,LF,4,1,0.1,0.15
1357,LF,HF,LF,4,1,0.1,0.2
1358,LF,HF,LF,4,1,0.1,0.25
1359,LF,HF,LF,4,1,0.1,0.3
1360,LF,HF,LF,4,1,0.1,0.35
1361,LF,HF,LF,4,1,0.1,0.4
1362,LF,HF,LF,4,1,0.1,0.45
1363,LF,HF,LF,4,1,0.1,0.5
1364,LF,HF,LF,4,1,0.25,0.0
1365,LF,HF,LF,4,1,0.25,0.05
1366,LF,HF,LF,4,1,0.25,0.1
1367,LF,HF,LF,4,1,0.25,0.15
1368,LF,HF,LF,4,1,0.25,0.2
1369,LF,HF,LF,4,1,0.25,0.25
1370,LF,HF,LF,4,1,0.25,0.3
1371,LF,HF,LF,4,1,0.25,0.35
1372,LF,HF,LF,4,1,0.25,0.4
1373,LF,HF,LF,4,1,0.25,0.45
1374,LF,HF,LF,4,1,0.25,0.5
1375,LF,HF,LF,4,1,0.5,0.0
1376,LF,HF,LF,4,1,0.5,0.05
1377,LF,HF,LF,4,1,0.5,0.1
1378,LF,HF,LF,4,1,0.5,0.15
1379,LF,HF,LF,4,1,0.5,0.2
1380,LF,HF,LF,4,1,0.5,0.25
1381,LF,HF,LF,4,1,0.5,0.3
1382,LF,HF,LF,4,1,0.5,0.35
1383,LF,HF,LF,4,1,0.5,0.4
1384,LF,HF,LF,4,1,0.5,0.45
1385,LF,HF,LF,4,1,0.5,0.5
1386,LF,HF,LF,7,1,0.1,0.0
1387,LF,HF,LF,7,1,0.1,0.05
1388,LF,HF,LF,7,1,0.1,0.1
1389,LF,HF,LF,7,1,0.1,0.15
1390,LF,HF,LF,7,1,0.1,0.2
1391,LF,HF,LF,7,1,0.1,0.25
1392,LF,HF,LF,7,1,0.1,0.3
1393,LF,HF,LF,7,1,0.1,0.35
1394,LF,HF,LF,7,1,0.1,0.4
1395,LF,HF,LF,7,1,0.1,0.45
1396,LF,HF,LF,7,1,0.1,0.5
1397,LF,HF,LF,7,1,0.25,0.0
1398,LF,HF,LF,7,1,0.25,0.05
1399,LF,HF,LF,7,1,0.25,0.1
1400,LF,HF,LF,7,1,0.25,0.15
1401,LF,HF,LF,7,1,0.25,0.2
1402,LF,HF,LF,7,1,0.25,0.25
1403,LF,HF,LF,7,1,0.25,0.3
1404,LF,HF,LF,7,1,0.25,0.35
1405,LF,HF,LF,7,1,0.25,0.4
1406,LF,HF,LF,7,1,0.25,0.45
1407,LF,HF,LF,7,1,0.25,0.5
1408,LF,HF,LF,7,1,0.5,0.0
1409,LF,HF,LF,7,1,0.5,0.05
1410,LF,HF,LF,7,1,0.5,0.1
1411,LF,HF,LF,7,1,0.5,0.15
1412,LF,HF,LF,7,1,0.5,0.2
1413,LF,HF,LF,7,1,0.5,0.25
1414,LF,HF,LF,7,1,0.5,0.3
1415,LF,HF,LF,7,1,0.5,0.35
1416,LF,HF,LF,7,1,0.5,0.4
1417,LF,HF,LF,7,1,0.5,0.45
1418,LF,HF,LF,7,1,0.5,0.5
1419,LF,HF,LF,10,1,0.1,0.0
1420,LF,HF,LF,10,1,0.1,0.05
1421,LF,HF,LF,10,1,0.1,0.1
1422,LF,HF,LF,10,1,0.1,0.15
1423,LF,HF,LF,10,1,0.1,0.2
1424,LF,HF,LF,10,1,0.1,0.25
1425,LF,HF,LF,10,1,0.1,0.3
1426,LF,HF,LF,10,1,0.1,0.35
1427,LF,HF,LF,10,1,0.1,0.4
1428,LF,HF,LF,10,1,0.1,0.45
1429,LF,HF,LF,10,1,0.1,0.5
1430,LF,HF,LF,10,1,0.25,0.0
1431,LF,HF,LF,10,1,0.25,0.05
1432,LF,HF,LF,10,1,0.25,0.1
1433,LF,HF,LF,10,1,0.25,0.15
1434,LF,HF,LF,10,1,0.25,0.2
1435,LF,HF,LF,10,1,0.25,0.25
1436,LF,HF,LF,10,1,0.25,0.3
1437,LF,HF,LF,10,1,0.25,0.35
1438,LF,HF,LF,10,1,0.25,0.4
1439,LF,HF,LF,10,1,0.25,0.45
1440,LF,HF,LF,10,1,0.25,0.5
1441,LF,HF,LF,10,1,0.5,0.0
1442,LF,HF,LF,10,1,0.5,0.05
1443,LF,HF,LF,10,1,0.5,0.1
1444,LF,HF,LF,10,1,0.5,0.15
1445,LF,HF,LF,10,1,0.5,0.2
1446,LF,HF,LF,10,1,0.5,0.25
1447,LF,HF,LF,10,1,0.5,0.3
1448,LF,HF,LF,10,1,0.5,0.35
1449,LF,HF,LF,10,1,0.5,0.4
1450,LF,HF,LF,10,1,0.5,0.45
1451,LF,HF,LF,10,1,0.5,0.5
1452,LF,HF,LF,13,1,0.1,0.0
1453,LF,HF,LF,13,1,0.1,0.05
1454,LF,HF,LF,13,1,0.1,0.1
1455,LF,HF,LF,13,1,0.1,0.15
1456,LF,HF,LF,13,1,0.1,0.2
1457,LF,HF,LF,13,1,0.1,0.25
1458,LF,HF,LF,13,1,0.1,0.3
1459,LF,HF,LF,13,1,0.1,0.35
1460,LF,HF,LF,13,1,0.1,0.4
1461,LF,HF,LF,13,1,0.1,0.45
1462,LF,HF,LF,13,1,0.1,0.5
1463,LF,HF,LF,13,1,0.25,0.0
1464,LF,HF,LF,13,1,0.25,0.05
1465,LF,HF,LF,13,1,0.25,0.1
1466,LF,HF,LF,13,1,0.25,0.15
1467,LF,HF,LF,13,1,0.25,0.2
1468,LF,HF,LF,13,1,0.25,0.25
1469,LF,HF,LF,13,1,0.25,0.3
1470,LF,HF,LF,13,1,0.25,0.35
1471,LF,HF,LF,13,1,0.25,0.4
1472,LF,HF,LF,13,1,0.25,0.45
1473,LF,HF,LF,13,1,0.25,0.5
1474,LF,HF,LF,13,1,0.5,0.0
1475,LF,HF,LF,13,1,0.5,0.05
1476,LF,HF,LF,13,1,0.5,0.1
1477,LF,HF,LF,13,1,0.5,0.15
1478,LF,HF,LF,13,1,0.5,0.2
1479,LF,HF,LF,13,1,0.5,0.25
1480,LF,HF,LF,13,1,0.5,0.3
1481,LF,HF,LF,13,1,0.5,0.35
1482,LF,HF,LF,13,1,0.5,0.4
1483,LF,HF,LF,13,1,0.5,0.45
1484,LF,HF,LF,13,1,0.5,0.5
1485,LF,HF,LF,16,1,0.1,0.0
1486,LF,HF,LF,16,1,0.1,0.05
1487,LF,HF,LF,16,1,0.1,0.1
1488,LF,HF,LF,16,1,0.1,0.15
1489,LF,HF,LF,16,1,0.1,0.2
1490,LF,HF,LF,16,1,0.1,0.25
1491,LF,HF,LF,16,1,0.1,0.3
1492,LF,HF,LF,16,1,0.1,0.35
1493,LF,HF,LF,16,1,0.1,0.4
1494,LF,HF,LF,16,1,0.1,0.45
1495,LF,HF,LF,16,1,0.1,0.5
1496,LF,HF,LF,16,1,0.25,0.0
1497,LF,HF,LF,16,1,0.25,0.05
1498,LF,HF,LF,16,1,0.25,0.1
1499,LF,HF,LF,16,1,0.25,0.15
1500,LF,HF,LF,16,1,0.25,0.2
1501,LF,HF,LF,16,1,0.25,0.25
1502,LF,HF,LF,16,1,0.25,0.3
1503,LF,HF,LF,16,1,0.25,0.35
1504,LF,HF,LF,16,1,0.25,0.4
1505,LF,HF,LF,16,1,0.25,0.45
1506,LF,HF,LF,16,1,0.25,0.5
1507,LF,HF,LF,16,1,0.5,0.0
1508,LF,HF,LF,16,1,0.5,0.05
1509,LF,HF,LF,16,1,0.5,0.1
1510,LF,HF,LF,16,1,0.5,0.15
1511,LF,HF,LF,16,1,0.5,0.2
1512,LF,HF,LF,16,1,0.5,0.25
1513,LF,HF,LF,16,1,0.5,0.3
1514,LF,HF,LF,16,1,0.5,0.35
1515,LF,HF,LF,16,1,0.5,0.4
1516,LF,HF,LF,16,1,0.5,0.45
1517,LF,HF,LF,16,1,0.5,0.5
1518,LF,HF,LF,19,1,0.1,0.0
1519,LF,HF,LF,19,1,0.1,0.05
1520,LF,HF,LF,19,1,0.1,0.1
1521,LF,HF,LF,19,1,0.1,0.15
1522,LF,HF,LF,19,1,0.1,0.2
1523,LF,HF,LF,19,1,0.1,0.25
1524,LF,HF,LF,19,1,0.1,0.3
1525,LF,HF,LF,19,1,0.1,0.35
1526,LF,HF,LF,19,1,0.1,0.4
1527,LF,HF,LF,19,1,0.1,0.45
1528,LF,HF,LF,19,1,0.1,0.5
1529,LF,HF,LF,19,1,0.25,0.0
1530,LF,HF,LF,19,1,0.25,0.05
1531,LF,HF,LF,19,1,0.25,0.1
1532,LF,HF,LF,19,1,0.25,0.15
1533,LF,HF,LF,19,1,0.25,0.2
1534,LF,HF,LF,19,1,0.25,0.25
1535,LF,HF,LF,19,1,0.25,0.3
1536,LF,HF,LF,19,1,0.25,0.35
1537,LF,HF,LF,19,1,0.25,0.4
1538,LF,HF,LF,19,1,0.25,0.45
1539,LF,HF,LF,19,1,0.25,0.5
1540,LF,HF,LF,19,1,0.5,0.0
1541,LF,HF,LF,19,1,0.5,0.05
1542,LF,HF,LF,19,1,0.5,0.1
1543,LF,HF,LF,19,1,0.5,0.15
1544,LF,HF,LF,19,1,0.5,0.2
1545,LF,HF,LF,19,1,0.5,0.25
1546,LF,HF,LF,19,1,0.5,0.3
1547,LF,HF,LF,19,1,0.5,0.35
1548,LF,HF,LF,19,1,0.5,0.4
1549,LF,HF,LF,19,1,0.5,0.45
1550,LF,HF,LF,19,1,0.5,0.5
1551,LF,HF,LF,22,1,0.1,0.0
1552,LF,HF,LF,22,1,0.1,0.05
1553,LF,HF,LF,22,1,0.1,0.1
1554,LF,HF,LF,22,1,0.1,0.15
1555,LF,HF,LF,22,1,0.1,0.2
1556,LF,HF,LF,22,1,0.1,0.25
1557,LF,HF,LF,22,1,0.1,0.3
1558,LF,HF,LF,22,1,0.1,0.35
1559,LF,HF,LF,22,1,0.1,0.4
1560,LF,HF,LF,22,1,0.1,0.45
1561,LF,HF,LF,22,1,0.1,0.5
1562,LF,HF,LF,22,1,0.25,0.0
1563,LF,HF,LF,22,1,0.25,0.05
1564,LF,HF,LF,22,1,0.25,0.1
1565,LF,HF,LF,22,1,0.25,0.15
1566,LF,HF,LF,22,1,0.25,0.2
1567,LF,HF,LF,22,1,0.25,0.25
1568,LF,HF,LF,22,1,0.25,0.3
1569,LF,HF,LF,22,1,0.25,0.35
1570,LF,HF,LF,22,1,0.25,0.4
1571,LF,HF,LF,22,1,0.25,0.45
1572,LF,HF,LF,22,1,0.25,0.5
1573,LF,HF,LF,22,1,0.5,0.0
1574,LF,HF,LF,22,1,0.5,0.05
1575,LF,HF,LF,22,1,0.5,0.1
1576,LF,HF,LF,22,1,0.5,0.15
1577,LF,HF,LF,22,1,0.5,0.2
1578,LF,HF,LF,22,1,0.5,0.25
1579,LF,HF,LF,22,1,0.5,0.3
1580,LF,HF,LF,22,1,0.5,0.35
1581,LF,HF,LF,22,1,0.5,0.4
1582,LF,HF,LF,22,1,0.5,0.45
1583,LF,HF,LF,22,1,0.5,0.5
1584,LF,LF,HF,1,1,0.1,0.0
1585,LF,LF,HF,1,1,0.1,0.05
1586,LF,LF,HF,1,1,0.1,0.1
1587,LF,LF,HF,1,1,0.1,0.15
1588,LF,LF,HF,1,1,0.1,0.2
1589,LF,LF,HF,1,1,0.1,0.25
1590,LF,LF,HF,1,1,0.1,0.3
1591,LF,LF,HF,1,1,0.1,0.35
1592,LF,LF,HF,1,1,0.1,0.4
1593,LF,LF,HF,1,1,0.1,0.45
1594,LF,LF,HF,1,1,0.1,0.5
1595,LF,LF,HF,1,1,0.25,0.0
1596,LF,LF,HF,1,1,0.25,0.05
1597,LF,LF,HF,1,1,0.25,0.1
1598,LF,LF,HF,1,1,0.25,0.15
1599,LF,LF,HF,1,1,0.25,0.2
1600,LF,LF,HF,1,1,0.25,0.25
1601,LF,LF,HF,1,1,0.25,0.3
1602,LF,LF,HF,1,1,0.25,0.35
1603,LF,LF,HF,1,1,0.25,0.4
1604,LF,LF,HF,1,1,0.25,0.45
1605,LF,LF,HF,1,1,0.25,0.5
1606,LF,LF,HF,1,1,0.5,0.0
1607,LF,LF,HF,1,1,0.5,0.05
1608,LF,LF,HF,1,1,0.5,0.1
1609,LF,LF,HF,1,1,0.5,0.15
1610,LF,LF,HF,1,1,0.5,0.2
1611,LF,LF,HF,1,1,0.5,0.25
1612,LF,LF,HF,1,1,0.5,0.3
1613,LF,LF,HF,1,1,0.5,0.35
1614,LF,LF,HF,1,1,0.5,0.4
1615,LF,LF,HF,1,1,0.5,0.45
1616,LF,LF,HF,1,1,0.5,0.5
1617,LF,LF,HF,4,1,0.1,0.0
1618,LF,LF,HF,4,1,0.1,0.05
1619,LF,LF,HF,4,1,0.1,0.1
1620,LF,LF,HF,4,1,0.1,0.15
1621,LF,LF,HF,4,1,0.1,0.2
1622,LF,LF,HF,4,1,0.1,0.25
1623,LF,LF,HF,4,1,0.1,0.3
1624,LF,LF,HF,4,1,0.1,0.35
1625,LF,LF,HF,4,1,0.1,0.4
1626,LF,LF,HF,4,1,0.1,0.45
1627,LF,LF,HF,4,1,0.1,0.5
1628,LF,LF,HF,4,1,0.25,0.0
1629,LF,LF,HF,4,1,0.25,0.05
1630,LF,LF,HF,4,1,0.25,0.1
1631,LF,LF,HF,4,1,0.25,0.15
1632,LF,LF,HF,4,1,0.25,0.2
1633,LF,LF,HF,4,1,0.25,0.25
1634,LF,LF,HF,4,1,0.25,0.3
1635,LF,LF,HF,4,1,0.25,0.35
1636,LF,LF,HF,4,1,0.25,0.4
1637,LF,LF,HF,4,1,0.25,0.45
1638,LF,LF,HF,4,1,0.25,0.5
1639,LF,LF,HF,4,1,0.5,0.0
1640,LF,LF,HF,4,1,0.5,0.05
1641,LF,LF,HF,4,1,0.5,0.1
1642,LF,LF,HF,4,1,0.5,0.15
1643,LF,LF,HF,4,1,0.5,0.2
1644,LF,LF,HF,4,1,0.5,0.25
1645,LF,LF,HF,4,1,0.5,0.3
1646,LF,LF,HF,4,1,0.5,0.35
1647,LF,LF,HF,4,1,0.5,0.4
1648,LF,LF,HF,4,1,0.5,0.45
1649,LF,LF,HF,4,1,0.5,0.5
1650,LF,LF,HF,7,1,0.1,0.0
1651,LF,LF,HF,7,1,0.1,0.05
1652,LF,LF,HF,7,1,0.1,0.1
1653,LF,LF,HF,7,1,0.1,0.15
1654,LF,LF,HF,7,1,0.1,0.2
1655,LF,LF,HF,7,1,0.1,0.25
1656,LF,LF,HF,7,1,0.1,0.3
1657,LF,LF,HF,7,1,0.1,0.35
1658,LF,LF,HF,7,1,0.1,0.4
1659,LF,LF,HF,7,1,0.1,0.45
1660,LF,LF,HF,7,1,0.1,0.5
1661,LF,LF,HF,7,1,0.25,0.0
1662,LF,LF,HF,7,1,0.25,0.05
1663,LF,LF,HF,7,1,0.25,0.1
1664,LF,LF,HF,7,1,0.25,0.15
1665,LF,LF,HF,7,1,0.25,0.2
1666,LF,LF,HF,7,1,0.25,0.25
1667,LF,LF,HF,7,1,0.25,0.3
1668,LF,LF,HF,7,1,0.25,0.35
1669,LF,LF,HF,7,1,0.25,0.4
1670,LF,LF,HF,7,1,0.25,0.45
1671,LF,LF,HF,7,1,0.25,0.5
1672,LF,LF,HF,7,1,0.5,0.0
1673,LF,LF,HF,7,1,0.5,0.05
1674,LF,LF,HF,7,1,0.5,0.1
1675,LF,LF,HF,7,1,0.5,0.15
1676,LF,LF,HF,7,1,0.5,0.2
1677,LF,LF,HF,7,1,0.5,0.25
1678,LF,LF,HF,7,1,0.5,0.3
1679,LF,LF,HF,7,1,0.5,0.35
1680,LF,LF,HF,7,1,0.5,0.4
1681,LF,LF,HF,7,1,0.5,0.45
1682,LF,LF,HF,7,1,0.5,0.5
1683,LF,LF,HF,10,1,0.1,0.0
1684,LF,LF,HF,10,1,0.1,0.05
1685,LF,LF,HF,10,1,0.1,0.1
1686,LF,LF,HF,10,1,0.1,0.15
1687,LF,LF,HF,10,1,0.1,0.2
1688,LF,LF,HF,10,1,0.1,0.25
1689,LF,LF,HF,10,1,0.1,0.3
1690,LF,LF,HF,10,1,0.1,0.35
1691,LF,LF,HF,10,1,0.1,0.4
1692,LF,LF,HF,10,1,0.1,0.45
1693,LF,LF,HF,10,1,0.1,0.5
1694,LF,LF,HF,10,1,0.25,0.0
1695,LF,LF,HF,10,1,0.25,0.05
1696,LF,LF,HF,10,1,0.25,0.1
1697,LF,LF,HF,10,1,0.25,0.15
1698,LF,LF,HF,10,1,0.25,0.2
1699,LF,LF,HF,10,1,0.25,0.25
1700,LF,LF,HF,10,1,0.25,0.3
1701,LF,LF,HF,10,1,0.25,0.35
1702,LF,LF,HF,10,1,0.25,0.4
1703,LF,LF,HF,10,1,0.25,0.45
1704,LF,LF,HF,10,1,0.25,0.5
1705,LF,LF,HF,10,1,0.5,0.0
1706,LF,LF,HF,10,1,0.5,0.05
1707,LF,LF,HF,10,1,0.5,0.1
1708,LF,LF,HF,10,1,0.5,0.15
1709,LF,LF,HF,10,1,0.5,0.2
1710,LF,LF,HF,10,1,0.5,0.25
1711,LF,LF,HF,10,1,0.5,0.3
1712,LF,LF,HF,10,1,0.5,0.35
1713,LF,LF,HF,10,1,0.5,0.4
1714,LF,LF,HF,10,1,0.5,0.45
1715,LF,LF,HF,10,1,0.5,0.5
1716,LF,LF,HF,13,1,0.1,0.0
1717,LF,LF,HF,13,1,0.1,0.05
1718,LF,LF,HF,13,1,0.1,0.1
1719,LF,LF,HF,13,1,0.1,0.15
1720,LF,LF,HF,13,1,0.1,0.2
1721,LF,LF,HF,13,1,0.1,0.25
1722,LF,LF,HF,13,1,0.1,0.3
1723,LF,LF,HF,13,1,0.1,0.35
1724,LF,LF,HF,13,1,0.1,0.4
1725,LF,LF,HF,13,1,0.1,0.45
1726,LF,LF,HF,13,1,0.1,0.5
1727,LF,LF,HF,13,1,0.25,0.0
1728,LF,LF,HF,13,1,0.25,0.05
1729,LF,LF,HF,13,1,0.25,0.1
1730,LF,LF,HF,13,1,0.25,0.15
1731,LF,LF,HF,13,1,0.25,0.2
1732,LF,LF,HF,13,1,0.25,0.25
1733,LF,LF,HF,13,1,0.25,0.3
1734,LF,LF,HF,13,1,0.25,0.35
1735,LF,LF,HF,13,1,0.25,0.4
1736,LF,LF,HF,13,1,0.25,0.45
1737,LF,LF,HF,13,1,0.25,0.5
1738,LF,LF,HF,13,1,0.5,0.0
1739,LF,LF,HF,13,1,0.5,0.05
1740,LF,LF,HF,13,1,0.5,0.1
1741,LF,LF,HF,13,1,0.5,0.15
1742,LF,LF,HF,13,1,0.5,0.2
1743,LF,LF,HF,13,1,0.5,0.25
1744,LF,LF,HF,13,1,0.5,0.3
1745,LF,LF,HF,13,1,0.5,0.35
1746,LF,LF,HF,13,1,0.5,0.4
1747,LF,LF,HF,13,1,0.5,0.45
1748,LF,LF,HF,13,1,0.5,0.5
1749,LF,LF,HF,16,1,0.1,0.0
1750,LF,LF,HF,16,1,0.1,0.05
1751,LF,LF,HF,16,1,0.1,0.1
1752,LF,LF,HF,16,1,0.1,0.15
1753,LF,LF,HF,16,1,0.1,0.2
1754,LF,LF,HF,16,1,0.1,0.25
1755,LF,LF,HF,16,1,0.1,0.3
1756,LF,LF,HF,16,1,0.1,0.35
1757,LF,LF,HF,16,1,0.1,0.4
1758,LF,LF,HF,16,1,0.1,0.45
1759,LF,LF,HF,16,1,0.1,0.5
1760,LF,LF,HF,16,1,0.25,0.0
1761,LF,LF,HF,16,1,0.25,0.05
1762,LF,LF,HF,16,1,0.25,0.1
1763,LF,LF,HF,16,1,0.25,0.15
1764,LF,LF,HF,16,1,0.25,0.2
1765,LF,LF,HF,16,1,0.25,0.25
1766,LF,LF,HF,16,1,0.25,0.3
1767,LF,LF,HF,16,1,0.25,0.35
1768,LF,LF,HF,16,1,0.25,0.4
1769,LF,LF,HF,16,1,0.25,0.45
1770,LF,LF,HF,16,1,0.25,0.5
1771,LF,LF,HF,16,1,0.5,0.0
1772,LF,LF,HF,16,1,0.5,0.05
1773,LF,LF,HF,16,1,0.5,0.1
1774,LF,LF,HF,16,1,0.5,0.15
1775,LF,LF,HF,16,1,0.5,0.2
1776,LF,LF,HF,16,1,0.5,0.25
1777,LF,LF,HF,16,1,0.5,0.3
1778,LF,LF,HF,16,1,0.5,0.35
1779,LF,LF,HF,16,1,0.5,0.4
1780,LF,LF,HF,16,1,0.5,0.45
1781,LF,LF,HF,16,1,0.5,0.5
1782,LF,LF,HF,19,1,0.1,0.0
1783,LF,LF,HF,19,1,0.1,0.05
1784,LF,LF,HF,19,1,0.1,0.1
1785,LF,LF,HF,19,1,0.1,0.15
1786,LF,LF,HF,19,1,0.1,0.2
1787,LF,LF,HF,19,1,0.1,0.25
1788,LF,LF,HF,19,1,0.1,0.3
1789,LF,LF,HF,19,1,0.1,0.35
1790,LF,LF,HF,19,1,0.1,0.4
1791,LF,LF,HF,19,1,0.1,0.45
1792,LF,LF,HF,19,1,0.1,0.5
1793,LF,LF,HF,19,1,0.25,0.0
1794,LF,LF,HF,19,1,0.25,0.05
1795,LF,LF,HF,19,1,0.25,0.1
1796,LF,LF,HF,19,1,0.25,0.15
1797,LF,LF,HF,19,1,0.25,0.2
1798,LF,LF,HF,19,1,0.25,0.25
1799,LF,LF,HF,19,1,0.25,0.3
1800,LF,LF,HF,19,1,0.25,0.35
1801,LF,LF,HF,19,1,0.25,0.4
1802,LF,LF,HF,19,1,0.25,0.45
1803,LF,LF,HF,19,1,0.25,0.5
1804,LF,LF,HF,19,1,0.5,0.0
1805,LF,LF,HF,19,1,0.5,0.05
1806,LF,LF,HF,19,1,0.5,0.1
1807,LF,LF,HF,19,1,0.5,0.15
1808,LF,LF,HF,19,1,0.5,0.2
1809,LF,LF,HF,19,1,0.5,0.25
1810,LF,LF,HF,19,1,0.5,0.3
1811,LF,LF,HF,19,1,0.5,0.35
1812,LF,LF,HF,19,1,0.5,0.4
1813,LF,LF,HF,19,1,0.5,0.45
1814,LF,LF,HF,19,1,0.5,0.5
1815,LF,LF,HF,22,1,0.1,0.0
1816,LF,LF,HF,22,1,0.1,0.05
1817,LF,LF,HF,22,1,0.1,0.1
1818,LF,LF,HF,22,1,0.1,0.15
1819,LF,LF,HF,22,1,0.1,0.2
1820,LF,LF,HF,22,1,0.1,0.25
1821,LF,LF,HF,22,1,0.1,0.3
1822,LF,LF,HF,22,1,0.1,0.35
1823,LF,LF,HF,22,1,0.1,0.4
1824,LF,LF,HF,22,1,0.1,0.45
1825,LF,LF,HF,22,1,0.1,0.5
1826,LF,LF,HF,22,1,0.25,0.0
1827,LF,LF,HF,22,1,0.25,0.05
1828,LF,LF,HF,22,1,0.25,0.1
1829,LF,LF,HF,22,1,0.25,0.15
1830,LF,LF,HF,22,1,0.25,0.2
1831,LF,LF,HF,22,1,0.25,0.25
1832,LF,LF,HF,22,1,0.25,0.3
1833,LF,LF,HF,22,1,0.25,0.35
1834,LF,LF,HF,22,1,0.25,0.4
1835,LF,LF,HF,22,1,0.25,0.45
1836,LF,LF,HF,22,1,0.25,0.5
1837,LF,LF,HF,22,1,0.5,0.0
1838,LF,LF,HF,22,1,0.5,0.05
1839,LF,LF,HF,22,1,0.5,0.1
1840,LF,LF,HF,22,1,0.5,0.15
1841,LF,LF,HF,22,1,0.5,0.2
1842,LF,LF,HF,22,1,0.5,0.25
1843,LF,LF,HF,22,1,0.5,0.3
1844,LF,LF,HF,22,1,0.5,0.35
1845,LF,LF,HF,22,1,0.5,0.4
1846,LF,LF,HF,22,1,0.5,0.45
1847,LF,LF,HF,22,1,0.5,0.5
1848,LF,LF,LF,1,1,0.1,0.0
1849,LF,LF,LF,1,1,0.1,0.05
1850,LF,LF,LF,1,1,0.1,0.1
1851,LF,LF,LF,1,1,0.1,0.15
1852,LF,LF,LF,1,1,0.1,0.2
1853,LF,LF,LF,1,1,0.1,0.25
1854,LF,LF,LF,1,1,0.1,0.3
1855,LF,LF,LF,1,1,0.1,0.35
1856,LF,LF,LF,1,1,0.1,0.4
1857,LF,LF,LF,1,1,0.1,0.45
1858,LF,LF,LF,1,1,0.1,0.5
1859,LF,LF,LF,1,1,0.25,0.0
1860,LF,LF,LF,1,1,0.25,0.05
1861,LF,LF,LF,1,1,0.25,0.1
1862,LF,LF,LF,1,1,0.25,0.15
1863,LF,LF,LF,1,1,0.25,0.2
1864,LF,LF,LF,1,1,0.25,0.25
1865,LF,LF,LF,1,1,0.25,0.3
1866,LF,LF,LF,1,1,0.25,0.35
1867,LF,LF,LF,1,1,0.25,0.4
1868,LF,LF,LF,1,1,0.25,0.45
1869,LF,LF,LF,1,1,0.25,0.5
1870,LF,LF,LF,1,1,0.5,0.0
1871,LF,LF,LF,1,1,0.5,0.05
1872,LF,LF,LF,1,1,0.5,0.1
1873,LF,LF,LF,1,1,0.5,0.15
1874,LF,LF,LF,1,1,0.5,0.2
1875,LF,LF,LF,1,1,0.5,0.25
1876,LF,LF,LF,1,1,0.5,0.3
1877,LF,LF,LF,1,1,0.5,0.35
1878,LF,LF,LF,1,1,0.5,0.4
1879,LF,LF,LF,1,1,0.5,0.45
1880,LF,LF,LF,1,1,0.5,0.5
1881,LF,LF,LF,4,1,0.1,0.0
1882,LF,LF,LF,4,1,0.1,0.05
1883,LF,LF,LF,4,1,0.1,0.1
1884,LF,LF,LF,4,1,0.1,0.15
1885,LF,LF,LF,4,1,0.1,0.2
1886,LF,LF,LF,4,1,0.1,0.25
1887,LF,LF,LF,4,1,0.1,0.3
1888,LF,LF,LF,4,1,0.1,0.35
1889,LF,LF,LF,4,1,0.1,0.4
1890,LF,LF,LF,4,1,0.1,0.45
1891,LF,LF,LF,4,1,0.1,0.5
1892,LF,LF,LF,4,1,0.25,0.0
1893,LF,LF,LF,4,1,0.25,0.05
1894,LF,LF,LF,4,1,0.25,0.1
1895,LF,LF,LF,4,1,0.25,0.15
1896,LF,LF,LF,4,1,0.25,0.2
1897,LF,LF,LF,4,1,0.25,0.25
1898,LF,LF,LF,4,1,0.25,0.3
1899,LF,LF,LF,4,1,0.25,0.35
1900,LF,LF,LF,4,1,0.25,0.4
1901,LF,LF,LF,4,1,0.25,0.45
1902,LF,LF,LF,4,1,0.25,0.5
1903,LF,LF,LF,4,1,0.5,0.0
1904,LF,LF,LF,4,1,0.5,0.05
1905,LF,LF,LF,4,1,0.5,0.1
1906,LF,LF,LF,4,1,0.5,0.15
1907,LF,LF,LF,4,1,0.5,0.2
1908,LF,LF,LF,4,1,0.5,0.25
1909,LF,LF,LF,4,1,0.5,0.3
1910,LF,LF,LF,4,1,0.5,0.35
1911,LF,LF,LF,4,1,0.5,0.4
1912,LF,LF,LF,4,1,0.5,0.45
1913,LF,LF,LF,4,1,0.5,0.5
1914,LF,LF,LF,7,1,0.1,0.0
1915,LF,LF,LF,7,1,0.1,0.05
1916,LF,LF,LF,7,1,0.1,0.1
1917,LF,LF,LF,7,1,0.1,0.15
1918,LF,LF,LF,7,1,0.1,0.2
1919,LF,LF,LF,7,1,0.1,0.25
1920,LF,LF,LF,7,1,0.1,0.3
1921,LF,LF,LF,7,1,0.1,0.35
1922,LF,LF,LF,7,1,0.1,0.4
1923,LF,LF,LF,7,1,0.1,0.45
1924,LF,LF,LF,7,1,0.1,0.5
1925,LF,LF,LF,7,1,0.25,0.0
1926,LF,LF,LF,7,1,0.25,0.05
1927,LF,LF,LF,7,1,0.25,0.1
1928,LF,LF,LF,7,1,0.25,0.15
1929,LF,LF,LF,7,1,0.25,0.2
1930,LF,LF,LF,7,1,0.25,0.25
1931,LF,LF,LF,7,1,0.25,0.3
1932,LF,LF,LF,7,1,0.25,0.35
1933,LF,LF,LF,7,1,0.25,0.4
1934,LF,LF,LF,7,1,0.25,0.45
1935,LF,LF,LF,7,1,0.25,0.5
1936,LF,LF,LF,7,1,0.5,0.0
1937,LF,LF,LF,7,1,0.5,0.05
1938,LF,LF,LF,7,1,0.5,0.1
1939,LF,LF,LF,7,1,0.5,0.15
1940,LF,LF,LF,7,1,0.5,0.2
1941,LF,LF,LF,7,1,0.5,0.25
1942,LF,LF,LF,7,1,0.5,0.3
1943,LF,LF,LF,7,1,0.5,0.35
1944,LF,LF,LF,7,1,0.5,0.4
1945,LF,LF,LF,7,1,0.5,0.45
1946,LF,LF,LF,7,1,0.5,0.5
1947,LF,LF,LF,10,1,0.1,0.0
1948,LF,LF,LF,10,1,0.1,0.05
1949,LF,LF,LF,10,1,0.1,0.1
1950,LF,LF,LF,10,1,0.1,0.15
1951,LF,LF,LF,10,1,0.1,0.2
1952,LF,LF,LF,10,1,0.1,0.25
1953,LF,LF,LF,10,1,0.1,0.3
1954,LF,LF,LF,10,1,0.1,0.35
1955,LF,LF,LF,10,1,0.1,0.4
1956,LF,LF,LF,10,1,0.1,0.45
1957,LF,LF,LF,10,1,0.1,0.5
1958,LF,LF,LF,10,1,0.25,0.0
1959,LF,LF,LF,10,1,0.25,0.05
1960,LF,LF,LF,10,1,0.25,0.1
1961,LF,LF,LF,10,1,0.25,0.15
1962,LF,LF,LF,10,1,0.25,0.2
1963,LF,LF,LF,10,1,0.25,0.25
1964,LF,LF,LF,10,1,0.25,0.3
1965,LF,LF,LF,10,1,0.25,0.35
1966,LF,LF,LF,10,1,0.25,0.4
1967,LF,LF,LF,10,1,0.25,0.45
1968,LF,LF,LF,10,1,0.25,0.5
1969,LF,LF,LF,10,1,0.5,0.0
1970,LF,LF,LF,10,1,0.5,0.05
1971,LF,LF,LF,10,1,0.5,0.1
1972,LF,LF,LF,10,1,0.5,0.15
1973,LF,LF,LF,10,1,0.5,0.2
1974,LF,LF,LF,10,1,0.5,0.25
1975,LF,LF,LF,10,1,0.5,0.3
1976,LF,LF,LF,10,1,0.5,0.35
1977,LF,LF,LF,10,1,0.5,0.4
1978,LF,LF,LF,10,1,0.5,0.45
1979,LF,LF,LF,10,1,0.5,0.5
1980,LF,LF,LF,13,1,0.1,0.0
1981,LF,LF,LF,13,1,0.1,0.05
1982,LF,LF,LF,13,1,0.1,0.1
1983,LF,LF,LF,13,1,0.1,0.15
1984,LF,LF,LF,13,1,0.1,0.2
1985,LF,LF,LF,13,1,0.1,0.25
1986,LF,LF,LF,13,1,0.1,0.3
1987,LF,LF,LF,13,1,0.1,0.35
1988,LF,LF,LF,13,1,0.1,0.4
1989,LF,LF,LF,13,1,0.1,0.45
1990,LF,LF,LF,13,1,0.1,0.5
1991,LF,LF,LF,13,1,0.25,0.0
1992,LF,LF,LF,13,1,0.25,0.05
1993,LF,LF,LF,13,1,0.25,0.1
1994,LF,LF,LF,13,1,0.25,0.15
1995,LF,LF,LF,13,1,0.25,0.2
1996,LF,LF,LF,13,1,0.25,0.25
1997,LF,LF,LF,13,1,0.25,0.3
1998,LF,LF,LF,13,1,0.25,0.35
1999,LF,LF,LF,13,1,0.25,0.4
2000,LF,LF,LF,13,1,0.25,0.45
2001,LF,LF,LF,13,1,0.25,0.5
2002,LF,LF,LF,13,1,0.5,0.0
2003,LF,LF,LF,13,1,0.5,0.05
2004,LF,LF,LF,13,1,0.5,0.1
2005,LF,LF,LF,13,1,0.5,0.15
2006,LF,LF,LF,13,1,0.5,0.2
2007,LF,LF,LF,13,1,0.5,0.25
2008,LF,LF,LF,13,1,0.5,0.3
2009,LF,LF,LF,13,1,0.5,0.35
2010,LF,LF,LF,13,1,0.5,0.4
2011,LF,LF,LF,13,1,0.5,0.45
2012,LF,LF,LF,13,1,0.5,0.5
2013,LF,LF,LF,16,1,0.1,0.0
2014,LF,LF,LF,16,1,0.1,0.05
2015,LF,LF,LF,16,1,0.1,0.1
2016,LF,LF,LF,16,1,0.1,0.15
2017,LF,LF,LF,16,1,0.1,0.2
2018,LF,LF,LF,16,1,0.1,0.25
2019,LF,LF,LF,16,1,0.1,0.3
2020,LF,LF,LF,16,1,0.1,0.35
2021,LF,LF,LF,16,1,0.1,0.4
2022,LF,LF,LF,16,1,0.1,0.45
2023,LF,LF,LF,16,1,0.1,0.5
2024,LF,LF,LF,16,1,0.25,0.0
2025,LF,LF,LF,16,1,0.25,0.05
2026,LF,LF,LF,16,1,0.25,0.1
2027,LF,LF,LF,16,1,0.25,0.15
2028,LF,LF,LF,16,1,0.25,0.2
2029,LF,LF,LF,16,1,0.25,0.25
2030,LF,LF,LF,16,1,0.25,0.3
2031,LF,LF,LF,16,1,0.25,0.35
2032,LF,LF,LF,16,1,0.25,0.4
2033,LF,LF,LF,16,1,0.25,0.45
2034,LF,LF,LF,16,1,0.25,0.5
2035,LF,LF,LF,16,1,0.5,0.0
2036,LF,LF,LF,16,1,0.5,0.05
2037,LF,LF,LF,16,1,0.5,0.1
2038,LF,LF,LF,16,1,0.5,0.15
2039,LF,LF,LF,16,1,0.5,0.2
2040,LF,LF,LF,16,1,0.5,0.25
2041,LF,LF,LF,16,1,0.5,0.3
2042,LF,LF,LF,16,1,0.5,0.35
2043,LF,LF,LF,16,1,0.5,0.4
2044,LF,LF,LF,16,1,0.5,0.45
2045,LF,LF,LF,16,1,0.5,0.5
2046,LF,LF,LF,19,1,0.1,0.0
2047,LF,LF,LF,19,1,0.1,0.05
2048,LF,LF,LF,19,1,0.1,0.1
2049,LF,LF,LF,19,1,0.1,0.15
2050,LF,LF,LF,19,1,0.1,0.2
2051,LF,LF,LF,19,1,0.1,0.25
2052,LF,LF,LF,19,1,0.1,0.3
2053,LF,LF,LF,19,1,0.1,0.35
2054,LF,LF,LF,19,1,0.1,0.4
2055,LF,LF,LF,19,1,0.1,0.45
2056,LF,LF,LF,19,1,0.1,0.5
2057,LF,LF,LF,19,1,0.25,0.0
2058,LF,LF,LF,19,1,0.25,0.05
2059,LF,LF,LF,19,1,0.25,0.1
2060,LF,LF,LF,19,1,0.25,0.15
2061,LF,LF,LF,19,1,0.25,0.2
2062,LF,LF,LF,19,1,0.25,0.25
2063,LF,LF,LF,19,1,0.25,0.3
2064,LF,LF,LF,19,1,0.25,0.35
2065,LF,LF,LF,19,1,0.25,0.4
2066,LF,LF,LF,19,1,0.25,0.45
2067,LF,LF,LF,19,1,0.25,0.5
2068,LF,LF,LF,19,1,0.5,0.0
2069,LF,LF,LF,19,1,0.5,0.05
2070,LF,LF,LF,19,1,0.5,0.1
2071,LF,LF,LF,19,1,0.5,0.15
2072,LF,LF,LF,19,1,0.5,0.2
2073,LF,LF,LF,19,1,0.5,0.25
2074,LF,LF,LF,19,1,0.5,0.3
2075,LF,LF,LF,19,1,0.5,0.35
2076,LF,LF,LF,19,1,0.5,0.4
2077,LF,LF,LF,19,1,0.5,0.45
2078,LF,LF,LF,19,1,0.5,0.5
2079,LF,LF,LF,22,1,0.1,0.0
2080,LF,LF,LF,22,1,0.1,0.05
2081,LF,LF,LF,22,1,0.1,0.1
2082,LF,LF,LF,22,1,0.1,0.15
2083,LF,LF,LF,22,1,0.1,0.2
2084,LF,LF,LF,22,1,0.1,0.25
2085,LF,LF,LF,22,1,0.1,0.3
2086,LF,LF,LF,22,1,0.1,0.35
2087,LF,LF,LF,22,1,0.1,0.4
2088,LF,LF,LF,22,1,0.1,0.45
2089,LF,LF,LF,22,1,0.1,0.5
2090,LF,LF,LF,22,1,0.25,0.0
2091,LF,LF,LF,22,1,0.25,0.05
2092,LF,LF,LF,22,1,0.25,0.1
2093,LF,LF,LF,22,1,0.25,0.15
2094,LF,LF,LF,22,1,0.25,0.2
2095,LF,LF,LF,22,1,0.25,0.25
2096,LF,LF,LF,22,1,0.25,0.3
2097,LF,LF,LF,22,1,0.25,0.35
2098,LF,LF,LF,22,1,0.25,0.4
2099,LF,LF,LF,22,1,0.25,0.45
2100,LF,LF,LF,22,1,0.25,0.5
2101,LF,LF,LF,22,1,0.5,0.0
2102,LF,LF,LF,22,1,0.5,0.05
2103,LF,LF,LF,22,1,0.5,0.1
2104,LF,LF,LF,22,1,0.5,0.15
2105,LF,LF,LF,22,1,0.5,0.2
2106,LF,LF,LF,22,1,0.5,0.25
2107,LF,LF,LF,22,1,0.5,0.3
2108,LF,LF,LF,22,1,0.5,0.35
2109,LF,LF,LF,22,1,0.5,0.4
2110,LF,LF,LF,22,1,0.5,0.45
2111,LF,LF,LF,22,1,0.5,0.5
